,ID,Description,setSize,enrichmentScore,NES,pvalue,p.adjust,qvalues,rank,leading_edge,core_enrichment
KEGG_SYSTEMIC_LUPUS_ERYTHEMATOSUS,KEGG_SYSTEMIC_LUPUS_ERYTHEMATOSUS,KEGG_SYSTEMIC_LUPUS_ERYTHEMATOSUS,137,-0.701505642335474,-2.52407519528896,1e-10,1.86e-08,1.49473684210526e-08,2777,tags=36%, list=7%, signal=34%,8334/2904/735/941/729/126961/3017/8345/6738/3018/3458/440689/8354/121504/8344/8970/8368/8365/8359/8341/8357/8355/8339/3012/8363/8969/8343/8338/8370/8347/8367/8968/8350/8335/8346/8332/8348/8329/317772/8364/8356/8362/8358/8360/8340/8342/8352/8331/8366/85235
KEGG_NEUROACTIVE_LIGAND_RECEPTOR_INTERACTION,KEGG_NEUROACTIVE_LIGAND_RECEPTOR_INTERACTION,KEGG_NEUROACTIVE_LIGAND_RECEPTOR_INTERACTION,272,0.487078828500123,1.81669771099323,7.55243125116071e-09,7.02376106357946e-07,5.64444861928853e-07,5239,tags=33%, list=14%, signal=29%,2556/3972/2147/10888/117/116444/2914/2847/2831/2906/799/5645/6755/4923/55879/9127/554/1132/2563/5644/1815/5731/2642/2901/2740/2557/152/2916/5745/4161/165829/2903/6753/1816/6915/2912/134/2902/2892/135/3352/5739/3362/8698/2911/9170/1813/64106/5032/8811/53637/4157/9568/2566/2894/706/9002/151/2900/4985/623/147/7434/1128/2568/57053/7201/5023/2560/1141/1241/1143/185/1140/1395/2905/146/887/5026/11255/3358/155/2890/10316/2696/2567/2692/2550/2859/6865
KEGG_MAPK_SIGNALING_PATHWAY,KEGG_MAPK_SIGNALING_PATHWAY,KEGG_MAPK_SIGNALING_PATHWAY,267,0.460197236416126,1.71460229785974,6.63215300703648e-07,4.11193486436262e-05,3.30444114736555e-05,8021,tags=45%, list=21%, signal=36%,774/84867/8913/5582/9965/8822/2256/27092/5600/10912/3315/1852/8912/6237/64600/59283/9479/779/4137/4914/3265/1649/5881/23542/8817/7040/2318/10235/4776/8986/27091/4803/9064/5320/3164/8517/27006/26291/994/4791/2264/8681/775/5155/5971/5568/8911/5598/5871/2248/1850/26281/5322/23162/5605/4296/7186/51295/3310/4915/5970/5159/784/2316/4616/9254/100137049/5595/11184/1849/5609/1616/5566/1846/3306/207/10454/778/6722/2872/929/4909/9344/6196/3305/2260/5923/2254/8399/59284/9261/6300/208/786/1844/3725/3727/468/5606/123745/2259/777/11072/7850/9020/93589/26279/5880/3303/7132/7043/4215/8398/2002/2768/9448/5536/782/2261
KEGG_CALCIUM_SIGNALING_PATHWAY,KEGG_CALCIUM_SIGNALING_PATHWAY,KEGG_CALCIUM_SIGNALING_PATHWAY,178,0.500523202605989,1.80556529036621,8.96763605949888e-07,4.16995076766698e-05,3.35106400118116e-05,6797,tags=42%, list=18%, signal=35%,774/8913/5582/2906/4923/9127/5731/7134/114/2903/1816/6915/8912/8877/2902/6547/135/779/6543/3706/816/3362/2911/491/4842/489/2769/7125/85366/4846/113026/623/775/147/51806/5568/487/1128/8911/7201/5023/185/5159/91807/492/2905/196883/5260/146/887/5026/5566/5331/3358/155/778/113/6865/5153/808/109/293/56848/5335/815/729317/3363/3710/2064/153/3707/2778/777/2767/6261
KEGG_ECM_RECEPTOR_INTERACTION,KEGG_ECM_RECEPTOR_INTERACTION,KEGG_ECM_RECEPTOR_INTERACTION,84,0.598352768483031,1.95592705567043,2.83026181916648e-06,0.000105285739672993,8.460993227824e-05,7466,tags=57%, list=19%, signal=46%,1311/7143/2815/1277/3911/1302/375790/51206/1292/3381/63923/7058/7448/22798/1301/3691/3674/1289/50509/1291/3371/3679/3339/3913/3675/3914/1278/7059/1284/3678/7450/9672/8515/9900/3909/3918/22801/7060/3693/2335/3695/10319/1293/6382/1281/6385/1282/7148
KEGG_CARDIAC_MUSCLE_CONTRACTION,KEGG_CARDIAC_MUSCLE_CONTRACTION,KEGG_CARDIAC_MUSCLE_CONTRACTION,75,0.58970790026118,1.89896267991967,2.2247657928943e-05,0.000689677395797233,0.00055423989928244,7407,tags=43%, list=19%, signal=35%,4625/7137/27092/70/7134/7139/125965/84701/59283/779/482/478/4633/1346/7169/27091/480/775/6548/784/9254/778/59284/786/1340/4624/1327/7384/93589/4634/1537/1329
KEGG_AXON_GUIDANCE,KEGG_AXON_GUIDANCE,KEGG_AXON_GUIDANCE,129,0.503607768783438,1.72980685753181,4.24508697233644e-05,0.0011279802526494,0.000906469699356052,7490,tags=44%, list=19%, signal=36%,5365/2051/90249/29984/10501/3897/22854/22885/8482/2242/3265/7869/2047/5881/6585/1944/54910/4776/10298/10500/27289/3984/1949/56920/56896/54437/56924/6405/2050/1969/4772/1020/2771/55558/10509/64221/23654/5361/2041/5595/1947/5364/1943/57715/219699/1072/2043/1945/2534/25/9423/8440/2049/25791/5880/84448/6586
KEGG_FOCAL_ADHESION,KEGG_FOCAL_ADHESION,KEGG_FOCAL_ADHESION,199,0.452514122380686,1.65086217416543,5.01959273233146e-05,0.00116705531026706,0.000937871273672457,7466,tags=43%, list=19%, signal=35%,1311/5582/7143/1277/3911/25759/1302/7791/1292/3265/5881/3381/4633/63923/7058/10398/2318/7448/22798/23396/572/1301/10298/3691/3674/7423/85366/2324/1289/5228/89/9564/50509/29895/1291/3371/5155/3679/3913/3675/3914/1278/56924/7059/1284/3678/5159/91807/7450/2316/5595/81/87/8515/5829/3909/207/3918/22801/7060/6714/3693/7409/5923/2335/5499/3695/7094/5293/208/399694/6464/10319/3725/1293/2064/2534/896/7424/7408/60/1281/5880/1282/2889/7148
KEGG_MELANOGENESIS,KEGG_MELANOGENESIS,KEGG_MELANOGENESIS,101,0.519299956415285,1.73655605438507,8.66180515089947e-05,0.00170765999498512,0.00137231306897503,6763,tags=46%, list=17%, signal=38%,7484/5582/7477/7475/8326/114/89780/2535/7471/7483/90993/1855/816/3265/7481/1638/83439/4157/80326/81029/7476/51806/5568/8325/7472/5605/2771/5443/196883/148327/5595/5566/5331/2775/10488/7480/6932/84699/113/1857/808/109/815/111/2778/1856
KEGG_REGULATION_OF_ACTIN_CYTOSKELETON,KEGG_REGULATION_OF_ACTIN_CYTOSKELETON,KEGG_REGULATION_OF_ACTIN_CYTOSKELETON,213,0.432792033652687,1.58467365185101,9.18096771497377e-05,0.00170765999498512,0.00137231306897503,5890,tags=32%, list=15%, signal=27%,3645/2147/9965/8822/2256/50649/1132/6237/10458/3265/5881/8817/4633/10398/54961/3681/23396/10298/3691/3674/27006/26291/85366/9138/2264/89/9564/29895/623/2245/28964/3984/5155/3679/1128/3675/56924/2248/26281/5605/79784/3678/5159/6548/91807/2934/5595/81/7454/87/8515/5829/10297/22801/5216/89846/10095/929/2260/3693/7409/2335/2254/5499/3695/1445/5293/1072
KEGG_PATHWAYS_IN_CANCER,KEGG_PATHWAYS_IN_CANCER,KEGG_PATHWAYS_IN_CANCER,325,0.402529474389986,1.52660325106103,0.000105020856552258,0.00177580721079272,0.00142707766798283,7463,tags=35%, list=19%, signal=28%,7484/5582/9965/7477/8822/2256/7475/8326/3911/89780/1029/2535/7471/7483/8643/1855/2323/4914/3265/1613/5881/7481/8772/8817/83439/7040/22798/572/8517/3674/2736/6923/27006/80326/7423/26291/5228/4791/2950/5914/81029/7476/6608/5155/3913/4313/5371/3675/3914/581/8325/2248/51588/652/3728/1284/7472/26281/5605/7186/5970/5159/598/8312/8900/5979/5595/2735/1869/23624/10297/3909/207/3918/7480/6932/10401/7185/6688/1050/2260/2335/6513/2254/1857/354/613/6776/5293/6256/208/5335/5467/10319/3725/2064/1019/369/4824/25/7424/2259/11186/1856/51684/6469/51176/9618/7473/5880/1282/7043/1487
KEGG_WNT_SIGNALING_PATHWAY,KEGG_WNT_SIGNALING_PATHWAY,KEGG_WNT_SIGNALING_PATHWAY,151,0.476139389457395,1.67569430023858,0.000137777091792424,0.00213554492278257,0.00171617079250212,6208,tags=35%, list=16%, signal=30%,7484/5582/85409/7477/22943/4316/7475/8061/8326/27121/89780/2535/7471/7483/1855/816/5881/7481/90665/83439/6424/4776/64840/6423/80326/4041/81029/7476/5568/11197/8325/7472/5526/4772/64321/8312/5566/5331/10297/7480/6932/56998/122011/10023/1857/5518/85407/57216/1454/815/5467/27123/3725
KEGG_NOTCH_SIGNALING_PATHWAY,KEGG_NOTCH_SIGNALING_PATHWAY,KEGG_NOTCH_SIGNALING_PATHWAY,47,0.610297838639817,1.82659039512918,0.000283692681745752,0.00405898760036229,0.00326189156339245,7604,tags=53%, list=20%, signal=43%,1840/3714/1855/9612/196403/4854/5986/113878/10683/4242/9253/4855/28514/171558/2648/4851/11317/55851/3955/54567/1857/1856/51107/1487/3280
KEGG_DILATED_CARDIOMYOPATHY,KEGG_DILATED_CARDIOMYOPATHY,KEGG_DILATED_CARDIOMYOPATHY,90,0.522121880338816,1.72367311471702,0.000369777272507985,0.00491275519189181,0.00394799794707774,8227,tags=56%, list=21%, signal=44%,4625/7137/27092/70/7134/114/7139/59283/779/4633/7040/7169/27091/6442/3691/3674/775/3679/2010/5568/3675/4000/3678/784/196883/9254/8515/5566/22801/778/113/3693/3695/59284/4607/109/1674/786/111/153/2778/4624/60/93589/4634/7043/112/782/1605/108
KEGG_BASAL_CELL_CARCINOMA,KEGG_BASAL_CELL_CARCINOMA,KEGG_BASAL_CELL_CARCINOMA,55,0.583049347158169,1.78168116896122,0.000493687588820122,0.00612172610136952,0.00491955351666368,7281,tags=56%, list=19%, signal=46%,7484/7477/7475/8326/89780/2535/7471/7483/8643/1855/7481/83439/2736/80326/81029/7476/6608/8325/652/7472/8312/2735/10297/7480/6932/1857/1856/51684/6469/51176/7473
KEGG_COMPLEMENT_AND_COAGULATION_CASCADES,KEGG_COMPLEMENT_AND_COAGULATION_CASCADES,KEGG_COMPLEMENT_AND_COAGULATION_CASCADES,69,0.540439031002333,1.72194674245634,0.000800470900364451,0.00930547421673674,0.00747808341129948,8493,tags=51%, list=22%, signal=40%,2147/5104/1361/721/5345/2160/710/2161/733/722/725/720/623/1380/5265/1675/5054/715/2155/5624/7450/2159/2243/717/3818/718/2244/712/5329/716/5328/5340/5327/1604/714
KEGG_HEDGEHOG_SIGNALING_PATHWAY,KEGG_HEDGEHOG_SIGNALING_PATHWAY,KEGG_HEDGEHOG_SIGNALING_PATHWAY,56,0.561077567403483,1.72447207591775,0.00101416641915076,0.00992815547168638,0.00797848374068741,7719,tags=59%, list=20%, signal=47%,7484/7477/7475/7546/4036/89780/7471/7483/8643/7481/2736/80326/81029/7476/6608/5568/652/7472/1455/2735/5566/7480/122011/3549/1454/1453/51684/6469/50846/7473/2619/654/655
KEGG_CELL_ADHESION_MOLECULES_CAMS,KEGG_CELL_ADHESION_MOLECULES_CAMS,KEGG_CELL_ADHESION_MOLECULES_CAMS,131,0.450496801888622,1.55108031460059,0.000963781687322904,0.00992815547168638,0.00797848374068741,9290,tags=52%, list=24%, signal=40%,9080/4099/6900/1013/3897/7122/23562/57555/9379/9071/5133/1365/1001/9074/5819/9073/8174/1002/90952/9075/8506/926/57863/5818/923/54413/9672/3107/3384/3135/933/80381/149461/3134/6404/4359/9076/3695/947/3383/5817/5010/1364/1003/3105/10686/24146/3133/6382/23308/3127/6385/3106/3112/23114/9378/1000/51208/3123/2734/6401/5792/6403/958/4684/3108/959/925
KEGG_TIGHT_JUNCTION,KEGG_TIGHT_JUNCTION,KEGG_TIGHT_JUNCTION,131,0.449262179178718,1.54682945427647,0.00101237460568936,0.00992815547168638,0.00797848374068741,7107,tags=38%, list=18%, signal=31%,5582/4625/9080/150084/50855/4622/7122/23562/6237/9071/1365/3265/4633/9074/10398/5522/57644/9073/8735/89/29895/5872/9075/92359/79784/3996/2771/81/87/149461/27134/207/6714/2036/9076/5518/93643/4621/8189/208/3993/5010/1364/1019/11336/10686/24146/4624/5580/60
KEGG_VASCULAR_SMOOTH_MUSCLE_CONTRACTION,KEGG_VASCULAR_SMOOTH_MUSCLE_CONTRACTION,KEGG_VASCULAR_SMOOTH_MUSCLE_CONTRACTION,115,0.466165455836366,1.5935546186664,0.00107631617868317,0.0100097404617535,0.00804404723015844,7782,tags=48%, list=20%, signal=38%,5582/10267/94274/114/64600/10268/135/779/5739/10266/10398/5320/4881/85366/9138/8681/775/147/51806/5568/140465/5322/5605/185/91807/196883/146/100137049/5595/59/5566/5331/778/72/27345/113/4882/8399/808/5499/3779/109/3710/369/111/123745/2778/2767/5580/26279/553/112/8398/5330/2768
KEGG_HYPERTROPHIC_CARDIOMYOPATHY_HCM,KEGG_HYPERTROPHIC_CARDIOMYOPATHY_HCM,KEGG_HYPERTROPHIC_CARDIOMYOPATHY_HCM,83,0.495264109223594,1.61419136277576,0.00205626259534654,0.0182126115587836,0.0146360545633688,7403,tags=46%, list=19%, signal=37%,4625/7137/27092/70/7134/7139/59283/779/4633/7040/7169/27091/6442/3691/3674/775/3679/2010/3675/4000/3678/784/9254/8515/22801/1636/778/3693/3695/59284/4607/1674/786/4624/60/93589/4634/7043
KEGG_ALZHEIMERS_DISEASE,KEGG_ALZHEIMERS_DISEASE,KEGG_ALZHEIMERS_DISEASE,160,0.416663851789413,1.47914736292461,0.00316462800970004,0.0267554913547367,0.0215013003529859,9112,tags=39%, list=24%, signal=30%,2906/2903/348/125965/2902/84701/779/4137/56901/513/8772/4842/4713/489/322/1346/572/374291/4728/775/51806/487/823/4726/1020/517/2905/5595/3028/5331/6622/4696/778/55851/808/2597/4723/3710/4716/4035/4702/1340/4695/1327/7384/7132/51107/1537/1329/4725/25825/5330/4023/8851/7124/23385/842/1351/4722/4720/506/516/514
KEGG_PROPANOATE_METABOLISM,KEGG_PROPANOATE_METABOLISM,KEGG_PROPANOATE_METABOLISM,33,-0.615428413117276,-1.71950318579263,0.00373784557288982,0.030227794632935,0.024291719512602,9067,tags=52%, list=23%, signal=39%,3939/283398/8803/18/84693/39/3945/1962/4594/8801/38/4329/26275/3948/34/160287/92483
KEGG_ENDOCYTOSIS,KEGG_ENDOCYTOSIS,KEGG_ENDOCYTOSIS,181,0.396084249996833,1.4325520567338,0.00390655008644583,0.0302757631699552,0.0243302680822503,9072,tags=43%, list=23%, signal=33%,6011/84249/50855/155382/6457/440073/5662/4914/3265/9230/30846/1212/23396/2264/116983/28964/6455/156/55738/29924/51160/1759/10938/93343/64411/3310/5979/27243/9727/3107/160/3135/23624/116986/79643/55040/3306/9146/155/3134/2870/6714/3305/56904/1175/30845/1173/55048/26056/3561/2869/116985/9922/9744/5338/3105/153/128866/3133/84364/23096/161/3303/1211/3106/79720/89853/2261/27183/8396/409/23550/1785/57154/80230/3560/5869
KEGG_RETINOL_METABOLISM,KEGG_RETINOL_METABOLISM,KEGG_RETINOL_METABOLISM,64,-0.479273049530774,-1.52296475023737,0.00630113257309418,0.0468804263438207,0.0376741400159736,6066,tags=30%, list=16%, signal=25%,54659/158835/7366/124/7367/1592/340665/127/1579/54577/1576/125/130/1557/7365/79799/10720/1551/7363
KEGG_ASCORBATE_AND_ALDARATE_METABOLISM,KEGG_ASCORBATE_AND_ALDARATE_METABOLISM,KEGG_ASCORBATE_AND_ALDARATE_METABOLISM,25,-0.599338550330851,-1.55987522271599,0.0103250487750601,0.0714759776575402,0.0574396651237731,6066,tags=36%, list=16%, signal=30%,54659/7366/7367/7358/54577/7365/79799/10720/7363
KEGG_AMYOTROPHIC_LATERAL_SCLEROSIS_ALS,KEGG_AMYOTROPHIC_LATERAL_SCLEROSIS_ALS,KEGG_AMYOTROPHIC_LATERAL_SCLEROSIS_ALS,53,0.505146069266403,1.53814470117175,0.0103755451438365,0.0714759776575402,0.0574396651237731,6479,tags=40%, list=17%, signal=33%,2906/4741/5600/2903/5630/2902/4842/572/4747/9973/581/2876/598/2905/4744/1616/2890/10452/6300/7133/5606
KEGG_PARKINSONS_DISEASE,KEGG_PARKINSONS_DISEASE,KEGG_PARKINSONS_DISEASE,117,0.412033623428928,1.40418873421827,0.0124699449223372,0.0828360626983827,0.0665688789087173,9112,tags=38%, list=24%, signal=29%,7054/125965/84701/6531/56901/513/2861/7345/4713/1346/374291/4728/4726/517/6622/4696/9246/27429/7318/293/4723/729317/7317/6570/4716/4702/1340/4695/1327/7384/65018/1537/1329/4725/11315/7314/118424/842/1351/4722/4720/506/516/514
KEGG_HUNTINGTONS_DISEASE,KEGG_HUNTINGTONS_DISEASE,KEGG_HUNTINGTONS_DISEASE,176,0.38164397290612,1.37576038265264,0.0131126168717493,0.0841016116601849,0.0675859018434989,7755,tags=31%, list=20%, signal=25%,125965/2902/84701/90993/5438/56901/64446/5441/513/4713/146754/1346/1212/9001/5439/374291/4728/27113/7052/5434/581/1742/4726/2876/517/148327/160/5331/4696/10488/84699/5430/1175/1173/5435/293/4723/729317/10126/4716/5436/4702/1340/4695/161/1327/7384/3092/1537/1329/4725/1211/5330/1639
KEGG_GLYCOSAMINOGLYCAN_BIOSYNTHESIS_CHONDROITIN_SULFATE,KEGG_GLYCOSAMINOGLYCAN_BIOSYNTHESIS_CHONDROITIN_SULFATE,KEGG_GLYCOSAMINOGLYCAN_BIOSYNTHESIS_CHONDROITIN_SULFATE,22,0.627762539983215,1.58092260122365,0.0162173250933408,0.0989594575282193,0.0795259930334303,8070,tags=59%, list=21%, signal=47%,79586/9469/26229/113189/27087/126792/64132/166012/56548/11285/54480/337876/55501
KEGG_LYSOSOME,KEGG_LYSOSOME,KEGG_LYSOSOME,121,0.411996254789795,1.40447671600345,0.0164932429213699,0.0989594575282193,0.0795259930334303,9092,tags=45%, list=24%, signal=35%,3425/1510/8120/10312/1212/50617/1509/8722/20/57192/4669/23659/2548/410/967/8907/3373/6556/23457/8943/537/1515/1777/9179/6609/53/768239/6448/1522/3916/84572/10053/1174/23163/4125/2629/51172/2990/162/2588/5476/533/1211/5660/9114/5641/1200/1508/26088/27074/9374/1511/1512/1514/22901
KEGG_PATHOGENIC_ESCHERICHIA_COLI_INFECTION,KEGG_PATHOGENIC_ESCHERICHIA_COLI_INFECTION,KEGG_PATHOGENIC_ESCHERICHIA_COLI_INFECTION,56,0.489272246739149,1.5037784007794,0.0176087130147362,0.102350644398154,0.0822512252662018,8115,tags=46%, list=21%, signal=37%,10382/10381/347733/7280/3875/7277/10383/84617/112714/7454/51807/113457/10095/929/9076/9181/7846/2534/81873/25/8440/60/4691/2017/10376/84790
KEGG_GAP_JUNCTION,KEGG_GAP_JUNCTION,KEGG_GAP_JUNCTION,90,0.433138089670731,1.42991226424154,0.0199906560891157,0.112674607047743,0.090547788346234,8227,tags=48%, list=21%, signal=38%,5582/10382/10381/114/347733/3265/2911/1813/7280/5155/5568/5598/7277/10383/5605/5159/84617/112714/2771/196883/5595/51807/5566/5331/113457/3358/6714/113/109/1453/3710/7846/111/153/2778/2767/57369/1812/112/5330/10376/84790/108
KEGG_ARRHYTHMOGENIC_RIGHT_VENTRICULAR_CARDIOMYOPATHY_ARVC,KEGG_ARRHYTHMOGENIC_RIGHT_VENTRICULAR_CARDIOMYOPATHY_ARVC,KEGG_ARRHYTHMOGENIC_RIGHT_VENTRICULAR_CARDIOMYOPATHY_ARVC,74,0.430462811677661,1.38316280062433,0.0245839543322127,0.13448869134681,0.108078065485269,6010,tags=39%, list=16%, signal=33%,27092/59283/779/83439/27091/6442/3691/3674/89/775/3679/2010/3675/3728/4000/3678/784/9254/81/87/8515/22801/778/6932/3693/3695/59284/1674/786
KEGG_PENTOSE_AND_GLUCURONATE_INTERCONVERSIONS,KEGG_PENTOSE_AND_GLUCURONATE_INTERCONVERSIONS,KEGG_PENTOSE_AND_GLUCURONATE_INTERCONVERSIONS,28,-0.564805943783664,-1.52951841335759,0.0263548807381341,0.136166883813693,0.10942669780161,6211,tags=43%, list=16%, signal=36%,6120/54659/7366/7367/9942/7360/7358/54577/7365/79799/10720/7363
KEGG_RIBOSOME,KEGG_RIBOSOME,KEGG_RIBOSOME,88,0.434529928805098,1.42667997443757,0.0262718276536111,0.136166883813693,0.10942669780161,11541,tags=57%, list=30%, signal=40%,6158/6217/6176/6209/6181/6234/6137/2197/6132/6141/6223/6187/6123/7311/6142/6203/25873/6192/11224/6227/6193/6159/6130/51121/6205/6171/6157/23521/6143/6167/6134/6175/6136/6156/3921/6188/6135/6122/6166/6155/6161/6169/9045/6160/6206/6231/6224/6207/6128/6168
KEGG_VEGF_SIGNALING_PATHWAY,KEGG_VEGF_SIGNALING_PATHWAY,KEGG_VEGF_SIGNALING_PATHWAY,76,0.443941867262991,1.43030324915,0.0327303842337293,0.164536526147936,0.13222516532545,5916,tags=38%, list=15%, signal=32%,5582/5600/3315/25759/8877/64600/3265/5881/9047/4776/572/5320/8681/4846/4772/5322/5605/100137049/5595/5829/207/6714/8399/9261/5293/6300/56848/208/5335
KEGG_LONG_TERM_POTENTIATION,KEGG_LONG_TERM_POTENTIATION,KEGG_LONG_TERM_POTENTIATION,70,0.432055732347964,1.37963905965722,0.0361359289588972,0.176875862798813,0.142141327206742,6427,tags=37%, list=17%, signal=31%,5582/2906/114/2903/5502/2902/816/3265/2911/10411/775/51806/5568/5605/2905/5595/5566/5331/2890/6196/808/5499/815/3710/369/468
KEGG_ARACHIDONIC_ACID_METABOLISM,KEGG_ARACHIDONIC_ACID_METABOLISM,KEGG_ARACHIDONIC_ACID_METABOLISM,58,0.44621797413031,1.37973892709625,0.0376533840875856,0.179577677956178,0.144312565193985,7678,tags=45%, list=20%, signal=36%,64600/4056/5730/2687/242/5320/8681/1571/9536/2879/5322/2876/2877/100137049/240/80142/2686/2882/8399/247/6916/123745/2678/26279/246/8398
KEGG_PRIMARY_IMMUNODEFICIENCY,KEGG_PRIMARY_IMMUNODEFICIENCY,KEGG_PRIMARY_IMMUNODEFICIENCY,35,0.524409861494219,1.47743053424818,0.0405092360694402,0.188367947722897,0.151376618996329,6177,tags=43%, list=16%, signal=36%,326/8625/8517/7535/973/930/23495/926/3932/115650/916/915/100/3561/6890
KEGG_LEUKOCYTE_TRANSENDOTHELIAL_MIGRATION,KEGG_LEUKOCYTE_TRANSENDOTHELIAL_MIGRATION,KEGG_LEUKOCYTE_TRANSENDOTHELIAL_MIGRATION,116,0.391208400362194,1.33186052224209,0.0463200280297902,0.206330969454459,0.165812097694019,7301,tags=35%, list=19%, signal=29%,5582/9080/5600/7122/23562/6494/9071/1365/1535/4633/9074/10398/9073/10411/7070/89/9564/29895/90952/4313/9075/2771/653361/81/87/5829/149461/7409/9076/5293/6300/3383/5335/5010/1364/1003/10686/24146/7408/60/5880
KEGG_GNRH_SIGNALING_PATHWAY,KEGG_GNRH_SIGNALING_PATHWAY,KEGG_GNRH_SIGNALING_PATHWAY,101,0.396621199341695,1.32631427464147,0.0477001703577513,0.206330969454459,0.165812097694019,7737,tags=48%, list=20%, signal=38%,3972/5600/114/64600/779/2797/816/3265/4323/5320/8681/775/51806/5568/4313/5598/5322/5605/196883/100137049/5595/5609/5566/5331/778/6714/113/8399/808/109/6300/815/3725/3710/468/5338/5606/111/123745/2778/2767/5580/26279/4215/112/8398/2002/5330
KEGG_NEUROTROPHIN_SIGNALING_PATHWAY,KEGG_NEUROTROPHIN_SIGNALING_PATHWAY,KEGG_NEUROTROPHIN_SIGNALING_PATHWAY,126,0.381569945740132,1.30268788534187,0.0472361913139328,0.206330969454459,0.165812097694019,6626,tags=34%, list=17%, signal=28%,5600/10603/25759/4914/816/3265/4804/4793/8986/572/396/4803/51806/581/7161/5598/3654/5605/4915/5970/27018/5595/5609/207/4794/25970/9500/4909/6196/10782/808/9261/1445/5293/6300/208/399694/5335/815/6464/3725/468/25
KEGG_DRUG_METABOLISM_CYTOCHROME_P450,KEGG_DRUG_METABOLISM_CYTOCHROME_P450,KEGG_DRUG_METABOLISM_CYTOCHROME_P450,71,-0.412392420175098,-1.33891589569041,0.0504587200291811,0.208562709453948,0.167605572962426,6066,tags=30%, list=16%, signal=25%,54659/7366/124/7367/2329/2944/2327/127/4128/54577/2330/1576/125/130/1557/7365/2939/79799/10720/1551/7363
KEGG_OXIDATIVE_PHOSPHORYLATION,KEGG_OXIDATIVE_PHOSPHORYLATION,KEGG_OXIDATIVE_PHOSPHORYLATION,119,0.383819157024806,1.30807674525515,0.0499139414802065,0.208562709453948,0.167605572962426,9552,tags=34%, list=25%, signal=26%,479/125965/84701/56901/513/4713/1346/10312/50617/374291/4728/4726/9296/64077/517/155066/126328/4696/537/4723/4716/4702/1340/4695/525/1327/7384/1537/1329/4725/533/9114/1351/4722/4720/506/516/514/90423/245973/8992
KEGG_BASE_EXCISION_REPAIR,KEGG_BASE_EXCISION_REPAIR,KEGG_BASE_EXCISION_REPAIR,35,0.498288254388788,1.40383760098176,0.0617472985382578,0.230483271375465,0.18522141785691,9853,tags=54%, list=25%, signal=40%,4350/4913/7515/57804/5424/5425/27301/10039/252969/27343/2237/3978/10357/328/79661/5426/4595/23583/142
KEGG_PENTOSE_PHOSPHATE_PATHWAY,KEGG_PENTOSE_PHOSPHATE_PATHWAY,KEGG_PENTOSE_PHOSPHATE_PATHWAY,27,0.528677858280641,1.40363399084659,0.0631970260223048,0.230483271375465,0.18522141785691,9593,tags=56%, list=25%, signal=42%,8277/2539/2203/5214/25796/5211/226/2821/7086/6888/5226/230/221823/5213/9563
KEGG_VIBRIO_CHOLERAE_INFECTION,KEGG_VIBRIO_CHOLERAE_INFECTION,KEGG_VIBRIO_CHOLERAE_INFECTION,54,0.43581135023137,1.33101673816642,0.0623885918003565,0.230483271375465,0.18522141785691,7821,tags=39%, list=20%, signal=31%,5582/4583/10312/50617/5568/9296/3784/155066/5566/537/375/10945/109/5335/29927/2778/525/60/533/9114/9601
KEGG_VASOPRESSIN_REGULATED_WATER_REABSORPTION,KEGG_VASOPRESSIN_REGULATED_WATER_REABSORPTION,KEGG_VASOPRESSIN_REGULATED_WATER_REABSORPTION,44,0.448581352069683,1.31554793517289,0.0622710622710623,0.230483271375465,0.18522141785691,7755,tags=39%, list=20%, signal=31%,554/359/90993/9230/396/5568/360/6810/148327/5566/10488/84699/109/6844/2778/112/1639
KEGG_RIG_I_LIKE_RECEPTOR_SIGNALING_PATHWAY,KEGG_RIG_I_LIKE_RECEPTOR_SIGNALING_PATHWAY,KEGG_RIG_I_LIKE_RECEPTOR_SIGNALING_PATHWAY,71,0.406520936948311,1.29590223486145,0.0602836879432624,0.230483271375465,0.18522141785691,6054,tags=27%, list=16%, signal=23%,9636/5600/9755/3665/8772/4793/8517/3661/8717/5300/7186/5970/79671/340061/79132/26007/6300/338376/55593
KEGG_SPLICEOSOME,KEGG_SPLICEOSOME,KEGG_SPLICEOSOME,127,0.370965173360416,1.26842266183004,0.0589285714285714,0.230483271375465,0.18522141785691,9179,tags=35%, list=24%, signal=27%,8175/5093/9092/56949/26121/10523/51690/10084/10262/144983/6626/3310/24148/27339/25766/22827/3306/151903/6625/6628/3305/11338/83443/9416/10992/56259/6633/9785/6631/8683/10189/3303/23020/4670/22985/8449/25804/6636/120364/8896/84321/10291/57461/3178/51729
KEGG_GLYCOSAMINOGLYCAN_DEGRADATION,KEGG_GLYCOSAMINOGLYCAN_DEGRADATION,KEGG_GLYCOSAMINOGLYCAN_DEGRADATION,21,0.567795926832018,1.42320009249555,0.0675675675675676,0.237123916369199,0.190557985989962,7207,tags=43%, list=19%, signal=35%,3425/8692/4669/8372/3373/6448/9955/2990/2588
KEGG_HISTIDINE_METABOLISM,KEGG_HISTIDINE_METABOLISM,KEGG_HISTIDINE_METABOLISM,29,0.511606768902398,1.37203779481647,0.0667903525046382,0.237123916369199,0.190557985989962,5926,tags=31%, list=15%, signal=26%,10841/222/218/221/91703/4129/144193/26/114049
KEGG_GLYCEROPHOSPHOLIPID_METABOLISM,KEGG_GLYCEROPHOSPHOLIPID_METABOLISM,KEGG_GLYCEROPHOSPHOLIPID_METABOLISM,76,0.414268278798378,1.33470012377563,0.0689929306831586,0.237642316797546,0.190974583957281,6591,tags=39%, list=17%, signal=33%,1103/10555/64600/3931/5320/10400/43/8681/1609/1120/5322/81490/55224/23659/11313/150763/1607/8525/10423/100137049/254531/5833/79143/8399/2819/10554/5338/8612/56895/123745
KEGG_VIRAL_MYOCARDITIS,KEGG_VIRAL_MYOCARDITIS,KEGG_VIRAL_MYOCARDITIS,68,0.400017382526661,1.27228245750388,0.0716783216783217,0.242403051493961,0.194800414896109,9163,tags=50%, list=24%, signal=38%,4625/4622/5881/57644/6442/8735/79784/3107/3135/3134/4621/3383/2534/3105/25/1981/3133/4624/60/3127/5880/5551/3106/3112/4627/1605/3123/1604/842/958/595/4629/3108/959
KEGG_MELANOMA,KEGG_MELANOMA,KEGG_MELANOMA,71,0.396543240130455,1.26409546076983,0.076241134751773,0.253229483282675,0.20350077320962,6638,tags=34%, list=17%, signal=28%,9965/8822/2256/1029/3265/8817/572/27006/26291/5155/2248/26281/5605/5159/5595/1869/207/2260/2254/5293/208/1019/369/2259
KEGG_TAURINE_AND_HYPOTAURINE_METABOLISM,KEGG_TAURINE_AND_HYPOTAURINE_METABOLISM,KEGG_TAURINE_AND_HYPOTAURINE_METABOLISM,10,0.695590455058646,1.42479976880998,0.08203125,0.267680921052632,0.215114265927978,6679,tags=50%, list=17%, signal=41%,2687/2571/2686/1036/2678
KEGG_STEROID_HORMONE_BIOSYNTHESIS,KEGG_STEROID_HORMONE_BIOSYNTHESIS,KEGG_STEROID_HORMONE_BIOSYNTHESIS,55,-0.421958896146632,-1.30987948477414,0.0857787810383747,0.275083677123064,0.221063283256791,7164,tags=36%, list=19%, signal=30%,51478/412/1545/54659/7366/1646/7367/1588/51144/1581/9420/54577/1576/6783/3284/7365/79799/10720/1551/7363
KEGG_GLYCOSAMINOGLYCAN_BIOSYNTHESIS_KERATAN_SULFATE,KEGG_GLYCOSAMINOGLYCAN_BIOSYNTHESIS_KERATAN_SULFATE,KEGG_GLYCOSAMINOGLYCAN_BIOSYNTHESIS_KERATAN_SULFATE,15,0.589073072490056,1.37895603088235,0.087378640776699,0.275464867533322,0.2213696162407,7364,tags=60%, list=19%, signal=49%,93010/8534/4166/11041/8704/6483/8703/10164/6482
KEGG_TYROSINE_METABOLISM,KEGG_TYROSINE_METABOLISM,KEGG_TYROSINE_METABOLISM,42,0.435565869831853,1.27411416498489,0.0951526032315978,0.294973070017953,0.237046836120823,6027,tags=33%, list=16%, signal=28%,7054/1621/222/5409/218/221/1638/24142/259307/4129/1312/8639/114049/314
KEGG_STARCH_AND_SUCROSE_METABOLISM,KEGG_STARCH_AND_SUCROSE_METABOLISM,KEGG_STARCH_AND_SUCROSE_METABOLISM,51,-0.415786538142464,-1.27080466921293,0.106334841628959,0.324234107262073,0.260561648167597,6531,tags=31%, list=17%, signal=26%,280/54659/7366/55276/7367/2632/7360/7358/5167/54577/178/8972/7365/79799/10720/7363
KEGG_GALACTOSE_METABOLISM,KEGG_GALACTOSE_METABOLISM,KEGG_GALACTOSE_METABOLISM,25,0.49935791160259,1.3026364150351,0.113594040968343,0.335372882858916,0.269513012823804,6102,tags=40%, list=16%, signal=34%,2645/3938/2584/2548/5214/8704/2582/5211/231/3098
KEGG_ACUTE_MYELOID_LEUKEMIA,KEGG_ACUTE_MYELOID_LEUKEMIA,KEGG_ACUTE_MYELOID_LEUKEMIA,57,0.400498110283844,1.23873622870537,0.113074204946996,0.335372882858916,0.269513012823804,6359,tags=39%, list=16%, signal=32%,3265/83439/572/8517/5914/5371/3728/5605/5970/8900/5595/1978/207/6932/6688/1050/6776/5293/208/5467/6199/369
KEGG_GLYCOSPHINGOLIPID_BIOSYNTHESIS_GLOBO_SERIES,KEGG_GLYCOSPHINGOLIPID_BIOSYNTHESIS_GLOBO_SERIES,KEGG_GLYCOSPHINGOLIPID_BIOSYNTHESIS_GLOBO_SERIES,14,0.590013902023917,1.34707580343623,0.116504854368932,0.336356275303644,0.270303288585837,7364,tags=43%, list=19%, signal=35%,53947/26301/6483/2523/10317/6482
KEGG_LONG_TERM_DEPRESSION,KEGG_LONG_TERM_DEPRESSION,KEGG_LONG_TERM_DEPRESSION,70,0.382133771822864,1.22022840608065,0.117543859649123,0.336356275303644,0.270303288585837,7782,tags=41%, list=20%, signal=33%,5582/64600/2892/3265/2911/4842/5320/8681/2781/5322/5605/2771/100137049/5595/5331/2775/2890/8399/5518/3710/369/123745/2778/2767/6261/26279/8398/5330/2768
KEGG_O_GLYCAN_BIOSYNTHESIS,KEGG_O_GLYCAN_BIOSYNTHESIS,KEGG_O_GLYCAN_BIOSYNTHESIS,30,0.471666105763847,1.27334431846138,0.12639405204461,0.356201419398445,0.286251282142497,7863,tags=47%, list=20%, signal=37%,192134/64409/50614/8693/11226/374378/79623/6483/26290/442117/2590/6482/57452/55568
KEGG_DORSO_VENTRAL_AXIS_FORMATION,KEGG_DORSO_VENTRAL_AXIS_FORMATION,KEGG_DORSO_VENTRAL_AXIS_FORMATION,24,0.504175382300196,1.29846598215075,0.137667304015296,0.382180873833509,0.307128942186521,7060,tags=38%, list=18%, signal=31%,56776/4854/64506/4855/5595/4851/51513/84501/56907
KEGG_ARGININE_AND_PROLINE_METABOLISM,KEGG_ARGININE_AND_PROLINE_METABOLISM,KEGG_ARGININE_AND_PROLINE_METABOLISM,54,0.398661061253916,1.21755558936784,0.142602495543672,0.390059767222397,0.313460593919527,8476,tags=44%, list=22%, signal=35%,5625/2593/1373/6723/5831/4842/1158/4846/283208/112483/8659/65263/4129/1610/29920/26/58510/2747/95/445/27165/4843/162417/1152
KEGG_INSULIN_SIGNALING_PATHWAY,KEGG_INSULIN_SIGNALING_PATHWAY,KEGG_INSULIN_SIGNALING_PATHWAY,136,0.335604938701169,1.16506023667372,0.146299483648881,0.394372521140462,0.316926417668057,8205,tags=35%, list=21%, signal=27%,2645/10603/25759/9322/3265/8651/3991/572/51806/5568/5837/2203/5834/5605/6720/5260/5595/5575/1978/23624/5566/2194/207/10211/2872/3635/2319/7249/808/5499/9021/5293/208/399694/6464/3098/6199/369/2997/51763/57521/2889/2002/5261/3667/3101/5106
KEGG_B_CELL_RECEPTOR_SIGNALING_PATHWAY,KEGG_B_CELL_RECEPTOR_SIGNALING_PATHWAY,KEGG_B_CELL_RECEPTOR_SIGNALING_PATHWAY,75,0.368430667893001,1.18641125234514,0.15034965034965,0.399500499500499,0.321047373678953,6208,tags=33%, list=16%, signal=28%,84433/3265/5881/4793/974/4776/8517/973/1380/930/975/4772/5605/5970/5595/933/5777/207/4794/7409/3635/5293/208/8519/3725
KEGG_SPHINGOLIPID_METABOLISM,KEGG_SPHINGOLIPID_METABOLISM,KEGG_SPHINGOLIPID_METABOLISM,39,0.423625945754332,1.22141046154026,0.152753108348135,0.400170114827509,0.321585491259232,7182,tags=36%, list=19%, signal=29%,8877/129807/339221/9514/123099/410/125981/6609/56848/55627/55512/8612/2629/6610
KEGG_GLYCOSPHINGOLIPID_BIOSYNTHESIS_GANGLIO_SERIES,KEGG_GLYCOSPHINGOLIPID_BIOSYNTHESIS_GANGLIO_SERIES,KEGG_GLYCOSPHINGOLIPID_BIOSYNTHESIS_GANGLIO_SERIES,15,0.547047017963022,1.28057760543629,0.159223300970874,0.408101265822785,0.32795913835221,5531,tags=40%, list=14%, signal=34%,29906/30815/27090/8705/6483/2583
KEGG_CIRCADIAN_RHYTHM_MAMMAL,KEGG_CIRCADIAN_RHYTHM_MAMMAL,KEGG_CIRCADIAN_RHYTHM_MAMMAL,13,0.565955255107218,1.2634394455687,0.163106796116505,0.408101265822785,0.32795913835221,7793,tags=54%, list=20%, signal=43%,9572/5187/8553/1454/1453/4862/1408
KEGG_DRUG_METABOLISM_OTHER_ENZYMES,KEGG_DRUG_METABOLISM_OTHER_ENZYMES,KEGG_DRUG_METABOLISM_OTHER_ENZYMES,51,-0.393935199357859,-1.20401851620257,0.16289592760181,0.408101265822785,0.32795913835221,6164,tags=29%, list=16%, signal=25%,9/54659/7366/7172/7367/10/151531/1806/54577/1576/7365/79799/10720/1551/7363
KEGG_PRION_DISEASES,KEGG_PRION_DISEASES,KEGG_PRION_DISEASES,35,0.426061573650981,1.20035190907395,0.164556962025316,0.408101265822785,0.32795913835221,10458,tags=60%, list=27%, signal=44%,733/5568/581/5605/1958/5595/5566/4851/6352/10963/712/2534/3309/3303/2002/714/4684/3915/732/730/731
KEGG_PORPHYRIN_AND_CHLOROPHYLL_METABOLISM,KEGG_PORPHYRIN_AND_CHLOROPHYLL_METABOLISM,KEGG_PORPHYRIN_AND_CHLOROPHYLL_METABOLISM,41,-0.412487214278856,-1.20378888252366,0.178571428571429,0.428588907014682,0.344423456684125,6066,tags=27%, list=16%, signal=23%,54659/1355/7366/7367/2235/1356/54577/7365/79799/10720/7363
KEGG_VALINE_LEUCINE_AND_ISOLEUCINE_DEGRADATION,KEGG_VALINE_LEUCINE_AND_ISOLEUCINE_DEGRADATION,KEGG_VALINE_LEUCINE_AND_ISOLEUCINE_DEGRADATION,44,-0.404909038444579,-1.1966369766593,0.184210526315789,0.428588907014682,0.344423456684125,8255,tags=45%, list=21%, signal=36%,10449/3033/1738/18/84693/39/56922/1962/4594/5019/549/586/3157/1629/38/4329/594/26275/36/34
KEGG_FRUCTOSE_AND_MANNOSE_METABOLISM,KEGG_FRUCTOSE_AND_MANNOSE_METABOLISM,KEGG_FRUCTOSE_AND_MANNOSE_METABOLISM,34,0.424945309389976,1.19147175850101,0.183636363636364,0.428588907014682,0.344423456684125,9709,tags=59%, list=25%, signal=44%,3795/29085/7264/2203/5214/5211/29925/231/226/3098/29926/7167/197258/57016/230/3101/5207/5209/5213/5372
KEGG_GLUTATHIONE_METABOLISM,KEGG_GLUTATHIONE_METABOLISM,KEGG_GLUTATHIONE_METABOLISM,49,0.393072887637601,1.18572254294613,0.180035650623886,0.428588907014682,0.344423456684125,5245,tags=27%, list=14%, signal=23%,6723/2687/26873/2950/2539/2879/2876/2877/2686/2949/2882/51060/2946
KEGG_CYTOKINE_CYTOKINE_RECEPTOR_INTERACTION,KEGG_CYTOKINE_CYTOKINE_RECEPTOR_INTERACTION,KEGG_CYTOKINE_CYTOKINE_RECEPTOR_INTERACTION,264,0.298430896467357,1.11011271294254,0.184339314845024,0.428588907014682,0.344423456684125,9480,tags=40%, list=25%, signal=31%,268/83729/3626/7293/3625/8742/1489/51561/6376/23529/2323/4804/51330/7040/10913/3581/1440/4050/7423/6366/8784/2324/53833/3976/943/5473/5155/6363/10344/5196/3589/8741/3605/970/23495/2057/5159/6369/2833/8744/115650/1437/4049/939/3563/58191/2826/3566/2056/4055/6360/1236/55504/8764/6352/3558/3561/8718/282617/338376/1271/282618/269/29949/7133/3601/85480/643/7424/80301/7850/6361/2829/7132/3590/7043/6368/3624/3439/6362/3594/655/7173/4982/5008/84957/58985/8794/50615/94/7422/91/7124/8795/27190/658/5617/958/6354/3560/959/6359/1435/4352/5154/6358
KEGG_FC_GAMMA_R_MEDIATED_PHAGOCYTOSIS,KEGG_FC_GAMMA_R_MEDIATED_PHAGOCYTOSIS,KEGG_FC_GAMMA_R_MEDIATED_PHAGOCYTOSIS,96,0.347945118029828,1.15084981457254,0.20383275261324,0.468060394889663,0.376143611060171,8661,tags=39%, list=22%, signal=30%,5582/283748/8877/23396/3984/1759/653361/2934/100137049/5595/7454/207/10095/7409/3635/5293/56848/208/1072/5335/6199/81873/5338/8612/255189/123745/27040/65108/7408/5580/5880/8398/2209/8396/7410/10093/1785
KEGG_METABOLISM_OF_XENOBIOTICS_BY_CYTOCHROME_P450,KEGG_METABOLISM_OF_XENOBIOTICS_BY_CYTOCHROME_P450,KEGG_METABOLISM_OF_XENOBIOTICS_BY_CYTOCHROME_P450,69,-0.354198478795425,-1.13871494180182,0.209195402298851,0.474516400336417,0.381331798798932,6066,tags=26%, list=16%, signal=22%,54659/7366/1646/124/7367/2944/127/54577/1576/125/130/1557/7365/2939/79799/10720/1551/7363
KEGG_CYSTEINE_AND_METHIONINE_METABOLISM,KEGG_CYSTEINE_AND_METHIONINE_METABOLISM,KEGG_CYSTEINE_AND_METHIONINE_METABOLISM,34,-0.415773650473333,-1.17051150987345,0.214601769911504,0.478221415607985,0.384309230426338,5888,tags=29%, list=15%, signal=25%,4507/3945/1491/3948/262/1787/6898/635/160287/92483
KEGG_GRAFT_VERSUS_HOST_DISEASE,KEGG_GRAFT_VERSUS_HOST_DISEASE,KEGG_GRAFT_VERSUS_HOST_DISEASE,37,-0.40619670175447,-1.15971996931416,0.223684210526316,0.478221415607985,0.384309230426338,6031,tags=35%, list=16%, signal=30%,3811/940/3552/942/3553/3002/355/3824/941/3802/3821/3458/3812
KEGG_CYTOSOLIC_DNA_SENSING_PATHWAY,KEGG_CYTOSOLIC_DNA_SENSING_PATHWAY,KEGG_CYTOSOLIC_DNA_SENSING_PATHWAY,55,0.37638356406902,1.15015223270006,0.221824686940966,0.478221415607985,0.384309230426338,10834,tags=36%, list=28%, signal=26%,3665/4793/8517/3661/29108/5970/340061/81030/6352/9641/3439/51728/171568/84265/51082/9447/3448/103/661/11035
KEGG_HEMATOPOIETIC_CELL_LINEAGE,KEGG_HEMATOPOIETIC_CELL_LINEAGE,KEGG_HEMATOPOIETIC_CELL_LINEAGE,85,0.34606592346616,1.13181700487979,0.221254355400697,0.478221415607985,0.384309230426338,9379,tags=47%, list=24%, signal=36%,2815/7066/924/2323/3581/1440/3674/1380/930/3589/3675/926/2057/3678/933/1437/3563/3566/2056/929/916/951/915/947/909/7850/3127/3590/7173/2209/3123/1604/7124/928/2993/921/912/2811/925/1435
KEGG_PURINE_METABOLISM,KEGG_PURINE_METABOLISM,KEGG_PURINE_METABOLISM,159,0.311861806861523,1.10552550886225,0.21864406779661,0.478221415607985,0.384309230426338,8423,tags=32%, list=22%, signal=25%,3000/4832/954/377841/114/5438/5441/203/3614/4833/122622/5439/4881/56953/2766/30833/5434/353/5138/2987/5141/5315/57804/196883/5143/5424/55811/5430/113/4882/5153/5435/4831/5425/100/271/109/5148/111/5436/955/471/112/51728/5158/171568/3704/108/5198/221823/23649
KEGG_FOLATE_BIOSYNTHESIS,KEGG_FOLATE_BIOSYNTHESIS,KEGG_FOLATE_BIOSYNTHESIS,11,0.570115453348963,1.20311600239143,0.234833659491194,0.483514874141876,0.388563169938576,3512,tags=36%, list=9%, signal=33%,250/251/2356/249
KEGG_PROTEASOME,KEGG_PROTEASOME,KEGG_PROTEASOME,46,0.385968436317355,1.14521001815202,0.23400365630713,0.483514874141876,0.388563169938576,8548,tags=46%, list=22%, signal=36%,5699/5705/5702/5694/5698/5710/5704/5696/5692/5691/5688/5695/143471/5709/5714/5693/5721/9491/5708/7979/5720
KEGG_ALANINE_ASPARTATE_AND_GLUTAMATE_METABOLISM,KEGG_ALANINE_ASPARTATE_AND_GLUTAMATE_METABOLISM,KEGG_ALANINE_ASPARTATE_AND_GLUTAMATE_METABOLISM,32,0.41138271449461,1.13388667396786,0.244935543278085,0.483514874141876,0.388563169938576,9478,tags=53%, list=25%, signal=40%,1373/91703/122622/259307/8659/2571/9945/790/2875/189/2747/445/27165/84706/8528/440/2805
KEGG_EPITHELIAL_CELL_SIGNALING_IN_HELICOBACTER_PYLORI_INFECTION,KEGG_EPITHELIAL_CELL_SIGNALING_IN_HELICOBACTER_PYLORI_INFECTION,KEGG_EPITHELIAL_CELL_SIGNALING_IN_HELICOBACTER_PYLORI_INFECTION,68,0.356245974978864,1.13306452249426,0.237762237762238,0.483514874141876,0.388563169938576,7800,tags=29%, list=20%, signal=24%,150084/5600/10312/50617/8517/28964/9296/5970/155066/537/6714/6352/1445/6300/5335/3725/525/9020/533/9114
KEGG_P53_SIGNALING_PATHWAY,KEGG_P53_SIGNALING_PATHWAY,KEGG_P53_SIGNALING_PATHWAY,68,0.354331228167772,1.12697454019668,0.244755244755245,0.483514874141876,0.388563169938576,6531,tags=31%, list=17%, signal=26%,5268/575/10912/56475/1029/55367/3732/27113/581/7161/2810/5054/63970/51246/4616/3486/85417/7249/1019/83667/896
KEGG_PROSTATE_CANCER,KEGG_PROSTATE_CANCER,KEGG_PROSTATE_CANCER,89,0.341807096149497,1.12492577430114,0.234782608695652,0.483514874141876,0.388563169938576,6427,tags=29%, list=17%, signal=24%,3645/90993/3265/83439/572/8517/2950/5155/5605/5970/5159/148327/5595/1869/207/10488/6932/84699/2260/354/5293/208/2064/369/4824/468
KEGG_TGF_BETA_SIGNALING_PATHWAY,KEGG_TGF_BETA_SIGNALING_PATHWAY,KEGG_TGF_BETA_SIGNALING_PATHWAY,86,0.33957158835058,1.11216717758662,0.24695652173913,0.483514874141876,0.388563169938576,8882,tags=38%, list=23%, signal=30%,1311/268/83729/3626/392255/7044/3625/8646/7058/7040/7059/652/10637/5595/7060/5518/1874/6199/3399/269/4052/3397/4091/7043/3624/10468/654/655/94/7124/658/1387/57154
KEGG_PROGESTERONE_MEDIATED_OOCYTE_MATURATION,KEGG_PROGESTERONE_MEDIATED_OOCYTE_MATURATION,KEGG_PROGESTERONE_MEDIATED_OOCYTE_MATURATION,85,0.338693008360241,1.10770370701783,0.245644599303136,0.483514874141876,0.388563169938576,6515,tags=33%, list=17%, signal=27%,5600/114/387778/9088/994/10459/64506/5568/51529/51343/2771/8900/196883/5595/29882/85417/5566/207/5347/6196/113/5293/109/6300/208/246184/369/111
KEGG_TYPE_II_DIABETES_MELLITUS,KEGG_TYPE_II_DIABETES_MELLITUS,KEGG_TYPE_II_DIABETES_MELLITUS,47,0.375689861843776,1.12442065126868,0.262589928057554,0.508767985611511,0.408857124826455,8738,tags=43%, list=23%, signal=33%,774/8913/3651/6833/2645/8651/3767/775/5315/5595/9021/5293/3098/777/5580/3667/3101/773/7124/6517
KEGG_FATTY_ACID_METABOLISM,KEGG_FATTY_ACID_METABOLISM,KEGG_FATTY_ACID_METABOLISM,42,-0.382881598645904,-1.12148030853764,0.285393258426966,0.541012216404887,0.434769296714736,9795,tags=48%, list=25%, signal=36%,2180/51703/10449/3033/128/2181/39/1376/2182/124/1962/127/38/1579/36/34/51/125/130/23305
KEGG_GLYCINE_SERINE_AND_THREONINE_METABOLISM,KEGG_GLYCINE_SERINE_AND_THREONINE_METABOLISM,KEGG_GLYCINE_SERINE_AND_THREONINE_METABOLISM,31,0.408650942816196,1.11752999175812,0.287292817679558,0.541012216404887,0.434769296714736,7323,tags=35%, list=19%, signal=29%,26227/2593/1757/4129/1610/8639/6472/314/189/212/23464
KEGG_GLIOMA,KEGG_GLIOMA,KEGG_GLIOMA,65,0.34755007756267,1.09676663269926,0.287958115183246,0.541012216404887,0.434769296714736,6359,tags=32%, list=16%, signal=27%,5582/25759/1029/816/3265/5155/51806/5605/5159/5595/1869/207/808/5293/208/399694/5335/815/6464/1019/369
KEGG_CHRONIC_MYELOID_LEUKEMIA,KEGG_CHRONIC_MYELOID_LEUKEMIA,KEGG_CHRONIC_MYELOID_LEUKEMIA,73,0.334043984432979,1.07219016010749,0.315696649029982,0.587195767195767,0.471883412234289,7463,tags=33%, list=19%, signal=27%,25759/1029/3265/7040/572/8517/5605/5970/598/5595/1869/23624/207/613/6776/5293/208/399694/6464/1019/369/25/7043/1487
KEGG_CHEMOKINE_SIGNALING_PATHWAY,KEGG_CHEMOKINE_SIGNALING_PATHWAY,KEGG_CHEMOKINE_SIGNALING_PATHWAY,188,0.287361302143963,1.0436813692726,0.324459234608985,0.597518986507636,0.480179377951807,7737,tags=32%, list=20%, signal=26%,6011/114/25759/2786/6376/3265/10235/4793/2783/8517/2784/6366/9564/5473/6363/156/10344/5196/5568/5970/2771/653361/6369/2833/196883/5595/2787/7454/5829/2788/5566/5331/207/58191/2826/2870/6360/1236/2931/113/7409/6352/2793/1445/5293/109/2869/208/399694/6464/111/643/6361/2829/5580/5880/6368/6362/3718/112/5330
KEGG_PRIMARY_BILE_ACID_BIOSYNTHESIS,KEGG_PRIMARY_BILE_ACID_BIOSYNTHESIS,KEGG_PRIMARY_BILE_ACID_BIOSYNTHESIS,16,0.471837296125421,1.10696553684047,0.339285714285714,0.612690707350902,0.492371705963939,4637,tags=31%, list=12%, signal=28%,10858/80270/1582/9023/6718
KEGG_SNARE_INTERACTIONS_IN_VESICULAR_TRANSPORT,KEGG_SNARE_INTERACTIONS_IN_VESICULAR_TRANSPORT,KEGG_SNARE_INTERACTIONS_IN_VESICULAR_TRANSPORT,38,0.373710666513641,1.06665755753207,0.337591240875912,0.612690707350902,0.492371705963939,8945,tags=39%, list=23%, signal=30%,6804/10791/112755/55850/6616/8677/6810/51272/10652/6844/203062/6811/8673/116841/6843
KEGG_T_CELL_RECEPTOR_SIGNALING_PATHWAY,KEGG_T_CELL_RECEPTOR_SIGNALING_PATHWAY,KEGG_T_CELL_RECEPTOR_SIGNALING_PATHWAY,108,0.308479111251986,1.04095479418436,0.348717948717949,0.623668639053254,0.501193812934704,7095,tags=33%, list=18%, signal=27%,5600/84433/5133/3265/4793/4776/10298/8517/7535/56924/4772/926/5605/5970/5595/3932/5777/5609/1437/23624/207/4794/916/7409/3558/915/5293/6300/208/5335/3725/1019/2534/27040/8440/9020
KEGG_BLADDER_CANCER,KEGG_BLADDER_CANCER,KEGG_BLADDER_CANCER,42,0.356403994793157,1.04255041470184,0.371633752244165,0.658322646832521,0.529042534523022,9101,tags=48%, list=24%, signal=36%,1029/3265/1613/7423/5228/4313/5605/1890/5595/1869/2064/1019/369/7424/11186/2261/1026/7422/595/4312
KEGG_N_GLYCAN_BIOSYNTHESIS,KEGG_N_GLYCAN_BIOSYNTHESIS,KEGG_N_GLYCAN_BIOSYNTHESIS,46,0.352002904980717,1.0444306198942,0.391224862888483,0.665069994940125,0.534464851621379,8060,tags=39%, list=21%, signal=31%,146664/4248/54344/4247/10195/8704/8818/7841/4245/4122/11282/8703/56052/23193/57171/1798/11253/1650
KEGG_RNA_POLYMERASE,KEGG_RNA_POLYMERASE,KEGG_RNA_POLYMERASE,29,0.386292528649406,1.03596742924119,0.391465677179963,0.665069994940125,0.534464851621379,10758,tags=52%, list=28%, signal=37%,5438/5441/5439/5434/5430/5435/5436/51728/171568/84265/51082/25885/5437/64425/661
KEGG_THYROID_CANCER,KEGG_THYROID_CANCER,KEGG_THYROID_CANCER,29,0.386130762424635,1.03553360117674,0.393320964749536,0.665069994940125,0.534464851621379,5836,tags=28%, list=15%, signal=23%,4914/3265/83439/5605/5979/5595/6932/6256
KEGG_ADHERENS_JUNCTION,KEGG_ADHERENS_JUNCTION,KEGG_ADHERENS_JUNCTION,73,0.322399043207148,1.03481307212143,0.389770723104056,0.665069994940125,0.534464851621379,7301,tags=29%, list=19%, signal=23%,10458/5881/6615/83439/5819/81607/89/5818/5595/81/7454/5777/87/6932/6714/2260/2064/2534/60/51176/5880
KEGG_PYRIMIDINE_METABOLISM,KEGG_PYRIMIDINE_METABOLISM,KEGG_PYRIMIDINE_METABOLISM,98,0.310454674527004,1.03099639631117,0.381944444444444,0.665069994940125,0.534464851621379,9386,tags=35%, list=24%, signal=26%,4832/377841/51733/5438/5441/4833/5439/56953/30833/5434/57804/1890/5424/978/5430/7083/5435/790/4831/5425/83549/54963/5436/955/51728/171568/10587/3704/23649/1841/7084/84265/5426/124583
KEGG_PHENYLALANINE_METABOLISM,KEGG_PHENYLALANINE_METABOLISM,KEGG_PHENYLALANINE_METABOLISM,18,0.428442561788888,1.02818566181193,0.417322834645669,0.69929772291977,0.561971005402419,6027,tags=44%, list=16%, signal=38%,222/218/221/24142/259307/4129/8639/314
KEGG_NATURAL_KILLER_CELL_MEDIATED_CYTOTOXICITY,KEGG_NATURAL_KILLER_CELL_MEDIATED_CYTOTOXICITY,KEGG_NATURAL_KILLER_CELL_MEDIATED_CYTOTOXICITY,132,0.292542248621847,1.00805533759235,0.429328621908127,0.712992175668854,0.572976168336034,8550,tags=35%, list=22%, signal=27%,5582/80328/25759/80329/154064/3265/5881/4776/353091/7535/4772/5605/3107/5595/3384/3135/3932/5777/1437/7409/259197/5293/10870/3383/399694/5335/22914/6464/2534/369/9436/3105/3823/27040/3133/7305/5880/5551/3106/3439/919/8794/135250/7410/7124/8795
KEGG_NON_HOMOLOGOUS_END_JOINING,KEGG_NON_HOMOLOGOUS_END_JOINING,KEGG_NON_HOMOLOGOUS_END_JOINING,13,-0.449377427353909,-1.0174295272323,0.435318275154004,0.716541585651724,0.575828552136643,8006,tags=54%, list=21%, signal=43%,7518/64421/4361/3981/10111/5591/79840
KEGG_ERBB_SIGNALING_PATHWAY,KEGG_ERBB_SIGNALING_PATHWAY,KEGG_ERBB_SIGNALING_PATHWAY,87,0.304613201847769,1.00154098773812,0.454388984509466,0.72858923378242,0.585510306718187,6966,tags=33%, list=18%, signal=27%,5582/10718/25759/816/3265/9542/572/10298/56924/5605/5595/5609/1978/23624/207/6714/6776/5293/208/399694/5335/815/6464/6199/3725/2064/369/25/8440
KEGG_TERPENOID_BACKBONE_BIOSYNTHESIS,KEGG_TERPENOID_BACKBONE_BIOSYNTHESIS,KEGG_TERPENOID_BACKBONE_BIOSYNTHESIS,15,-0.426112095919683,-0.999072706658492,0.453798767967146,0.72858923378242,0.585510306718187,7408,tags=53%, list=19%, signal=43%,23590/39/91734/57107/3157/38/3422/3156
KEGG_ALDOSTERONE_REGULATED_SODIUM_REABSORPTION,KEGG_ALDOSTERONE_REGULATED_SODIUM_REABSORPTION,KEGG_ALDOSTERONE_REGULATED_SODIUM_REABSORPTION,42,0.340252551584363,0.995304328627147,0.454219030520646,0.72858923378242,0.585510306718187,5739,tags=24%, list=15%, signal=20%,5582/53828/9351/482/478/480/2810/5595/6338/5293
KEGG_OTHER_GLYCAN_DEGRADATION,KEGG_OTHER_GLYCAN_DEGRADATION,KEGG_OTHER_GLYCAN_DEGRADATION,16,0.422174975882248,0.990454024418371,0.468253968253968,0.744403744403744,0.598219194710423,7489,tags=38%, list=19%, signal=30%,129807/4123/4125/2629/64772/23324
KEGG_ALPHA_LINOLENIC_ACID_METABOLISM,KEGG_ALPHA_LINOLENIC_ACID_METABOLISM,KEGG_ALPHA_LINOLENIC_ACID_METABOLISM,19,0.404967248053534,0.985737084807742,0.475538160469667,0.74957710040134,0.602376617187268,7678,tags=53%, list=20%, signal=42%,64600/5320/9415/8681/5322/100137049/8399/123745/26279/8398
KEGG_ANTIGEN_PROCESSING_AND_PRESENTATION,KEGG_ANTIGEN_PROCESSING_AND_PRESENTATION,KEGG_ANTIGEN_PROCESSING_AND_PRESENTATION,81,0.304419977386386,0.98779737651416,0.48,0.750252100840336,0.602919062361787,10483,tags=46%, list=27%, signal=33%,8625/926/3310/3107/3135/4049/3306/3134/972/3305/811/6890/3105/3823/3309/3133/3127/3303/5721/3106/3112/3439/5641/1508/3123/5720/10437/6892/1514/3108/3804/925/3326/2923/4802/6891/3448
KEGG_JAK_STAT_SIGNALING_PATHWAY,KEGG_JAK_STAT_SIGNALING_PATHWAY,KEGG_JAK_STAT_SIGNALING_PATHWAY,155,-0.269001431999245,-0.984912845111037,0.498783454987835,0.760803310769625,0.611398246345709,5205,tags=24%, list=13%, signal=21%,56832/9655/6654/1439/1270/3595/894/5291/50604/3717/6655/161742/3953/122809/10251/10254/5290/3575/3572/9063/3574/3600/55801/3593/6775/149233/3596/3567/5294/3977/5618/59067/3458/116379/5296/3568/3952
KEGG_AMINO_SUGAR_AND_NUCLEOTIDE_SUGAR_METABOLISM,KEGG_AMINO_SUGAR_AND_NUCLEOTIDE_SUGAR_METABOLISM,KEGG_AMINO_SUGAR_AND_NUCLEOTIDE_SUGAR_METABOLISM,44,0.333632517719615,0.978439178908161,0.494505494505495,0.760803310769625,0.611398246345709,9063,tags=41%, list=23%, signal=31%,2645/51005/2584/5973/7264/1727/9945/2582/29925/3098/29926/2821/197258/3101/2592/51706/55577/10020
KEGG_PROXIMAL_TUBULE_BICARBONATE_RECLAMATION,KEGG_PROXIMAL_TUBULE_BICARBONATE_RECLAMATION,KEGG_PROXIMAL_TUBULE_BICARBONATE_RECLAMATION,23,0.380725420191605,0.968568777048023,0.499021526418787,0.760803310769625,0.611398246345709,8969,tags=48%, list=23%, signal=37%,482/478/1468/10991/480/358/6550/2747/27165/5106/477
KEGG_INOSITOL_PHOSPHATE_METABOLISM,KEGG_INOSITOL_PHOSPHATE_METABOLISM,KEGG_INOSITOL_PHOSPHATE_METABOLISM,54,0.31265416142217,0.954880871940032,0.525846702317291,0.795182818138342,0.639026373376596,7737,tags=39%, list=20%, signal=31%,51477/55586/3706/23396/113026/3705/10423/3636/5331/56623/5293/5335/27124/3707/51763/7167/5333/5288/79837/5298/5330
KEGG_NICOTINATE_AND_NICOTINAMIDE_METABOLISM,KEGG_NICOTINATE_AND_NICOTINAMIDE_METABOLISM,KEGG_NICOTINATE_AND_NICOTINAMIDE_METABOLISM,24,-0.361444572365549,-0.946349084703576,0.53027139874739,0.795407098121086,0.639206609695496,8044,tags=38%, list=21%, signal=30%,4907/23530/51251/22978/10135/952/5167/83594/93034
KEGG_SMALL_CELL_LUNG_CANCER,KEGG_SMALL_CELL_LUNG_CANCER,KEGG_SMALL_CELL_LUNG_CANCER,84,0.292146156797436,0.954982749956884,0.548442906574394,0.796956098615917,0.640451420506283,6305,tags=29%, list=16%, signal=24%,3911/22798/8517/3674/3913/3675/3914/51588/1284/7186/5970/598/1869/3909/207/3918/10401/7185/2335/5293/6256/208/10319/1019
KEGG_ONE_CARBON_POOL_BY_FOLATE,KEGG_ONE_CARBON_POOL_BY_FOLATE,KEGG_ONE_CARBON_POOL_BY_FOLATE,17,0.401520239295765,0.944809839525002,0.538306451612903,0.796956098615917,0.640451420506283,6846,tags=24%, list=18%, signal=19%,10841/10840/6472/471
KEGG_SULFUR_METABOLISM,KEGG_SULFUR_METABOLISM,KEGG_SULFUR_METABOLISM,13,-0.413185383995279,-0.935487597525755,0.544147843942505,0.796956098615917,0.640451420506283,2231,tags=23%, list=6%, signal=22%,9060/6799/6783
KEGG_GLYCOSYLPHOSPHATIDYLINOSITOL_GPI_ANCHOR_BIOSYNTHESIS,KEGG_GLYCOSYLPHOSPHATIDYLINOSITOL_GPI_ANCHOR_BIOSYNTHESIS,KEGG_GLYCOSYLPHOSPHATIDYLINOSITOL_GPI_ANCHOR_BIOSYNTHESIS,25,-0.359390104083991,-0.935370698815334,0.548387096774194,0.796956098615917,0.640451420506283,4467,tags=40%, list=12%, signal=35%,54965/9487/284098/10026/2822/9488/80055/5277/23556/5281
KEGG_GLYCOSAMINOGLYCAN_BIOSYNTHESIS_HEPARAN_SULFATE,KEGG_GLYCOSAMINOGLYCAN_BIOSYNTHESIS_HEPARAN_SULFATE,KEGG_GLYCOSAMINOGLYCAN_BIOSYNTHESIS_HEPARAN_SULFATE,26,0.350759723669385,0.924798084870746,0.55719557195572,0.803398266540805,0.645628488108626,8775,tags=50%, list=23%, signal=39%,2134/26229/27087/126792/64132/9956/11285/2137/9394/9955/266722/3340/64579
KEGG_PHOSPHATIDYLINOSITOL_SIGNALING_SYSTEM,KEGG_PHOSPHATIDYLINOSITOL_SIGNALING_SYSTEM,KEGG_PHOSPHATIDYLINOSITOL_SIGNALING_SYSTEM,76,0.294434136077415,0.94861542140319,0.569911504424779,0.809187326893197,0.650280704124697,7774,tags=36%, list=20%, signal=28%,5582/3706/23396/113026/51806/1609/3705/1607/8525/10423/3636/5331/56623/3635/808/5293/5335/27124/3710/3707/51763/5333/5288/79837/5298/5330/1606
KEGG_PANTOTHENATE_AND_COA_BIOSYNTHESIS,KEGG_PANTOTHENATE_AND_COA_BIOSYNTHESIS,KEGG_PANTOTHENATE_AND_COA_BIOSYNTHESIS,16,-0.3860576331001,-0.918577990339684,0.566265060240964,0.809187326893197,0.650280704124697,4283,tags=38%, list=11%, signal=33%,53354/586/1806/8875/5167/79646
KEGG_ETHER_LIPID_METABOLISM,KEGG_ETHER_LIPID_METABOLISM,KEGG_ETHER_LIPID_METABOLISM,33,0.339870889281778,0.947131553059909,0.578754578754579,0.814748925886144,0.654750127197693,8913,tags=48%, list=23%, signal=37%,64600/5050/5320/8681/5322/100137049/254531/8399/5338/8612/123745/26279/8398/133121/79888/391013
KEGG_PYRUVATE_METABOLISM,KEGG_PYRUVATE_METABOLISM,KEGG_PYRUVATE_METABOLISM,40,-0.321932102334071,-0.936298012641267,0.582589285714286,0.814748925886144,0.654750127197693,7210,tags=28%, list=19%, signal=22%,39/2739/134526/3945/1737/38/3948/4200/5105/160287/92483
KEGG_TYPE_I_DIABETES_MELLITUS,KEGG_TYPE_I_DIABETES_MELLITUS,KEGG_TYPE_I_DIABETES_MELLITUS,41,0.318594192563579,0.928452748637979,0.595667870036101,0.826822565871006,0.664452769403978,9015,tags=44%, list=23%, signal=34%,5798/5799/3107/3135/2571/4049/1363/3134/3558/3105/3133/3127/5551/3106/3112/3123/7124/3108
KEGG_PEROXISOME,KEGG_PEROXISOME,KEGG_PEROXISOME,78,-0.279661172687161,-0.920441058839636,0.601851851851852,0.829218106995885,0.666377878853512,10311,tags=44%, list=27%, signal=32%,2180/5824/51703/54677/847/2053/5191/26061/2181/3417/3295/7498/10478/5827/2182/6342/8800/11001/6648/1962/8504/55670/5189/5828/5194/8540/55711/51/84188/5825/225/83594/255027/23305
KEGG_NITROGEN_METABOLISM,KEGG_NITROGEN_METABOLISM,KEGG_NITROGEN_METABOLISM,23,-0.345227843618918,-0.900955701448399,0.606924643584521,0.83005870372589,0.667053400843669,8576,tags=43%, list=22%, signal=34%,771/2746/762/760/11238/1491/377677/2744/763/759
KEGG_TASTE_TRANSDUCTION,KEGG_TASTE_TRANSDUCTION,KEGG_TASTE_TRANSDUCTION,51,0.303687748431015,0.92222551261202,0.6125,0.830384807596202,0.66731546507448,6642,tags=31%, list=17%, signal=26%,774/2914/114/5726/40/80835/29850/2784/5568/196883/5566/6338/346562/83756/3710/2778
KEGG_PPAR_SIGNALING_PATHWAY,KEGG_PPAR_SIGNALING_PATHWAY,KEGG_PPAR_SIGNALING_PATHWAY,69,-0.285810225053547,-0.918853109971114,0.616091954022989,0.830384807596202,0.66731546507448,7256,tags=30%, list=19%, signal=25%,79966/1376/2182/6342/4973/11001/1962/5465/2169/1581/1579/34/51/5105/948/2710/28965/2173/23305/9370/336
KEGG_PROTEIN_EXPORT,KEGG_PROTEIN_EXPORT,KEGG_PROTEIN_EXPORT,24,-0.340399941283851,-0.891249163762039,0.624217118997912,0.835283339090731,0.671252032546032,8878,tags=46%, list=23%, signal=35%,7095/55176/6731/6729/90701/653226/6728/6726/83943/196294/60559
KEGG_OOCYTE_MEIOSIS,KEGG_OOCYTE_MEIOSIS,KEGG_OOCYTE_MEIOSIS,113,0.269917542749057,0.91982228922652,0.634974533106961,0.843609022556391,0.677942734595402,6515,tags=26%, list=17%, signal=21%,114/387778/816/9088/9985/10459/64506/51806/5568/51529/5526/196883/5595/29882/5566/991/5347/6196/113/5518/808/5499/109/6300/815/3710/246184/9700/111
KEGG_NON_SMALL_CELL_LUNG_CANCER,KEGG_NON_SMALL_CELL_LUNG_CANCER,KEGG_NON_SMALL_CELL_LUNG_CANCER,54,0.295026382692243,0.901043658811531,0.645276292335116,0.846370530877573,0.680161943319838,6749,tags=30%, list=17%, signal=24%,5582/1029/3265/572/5605/5595/1869/207/5293/6256/208/5335/2064/1019/369/11186
KEGG_INTESTINAL_IMMUNE_NETWORK_FOR_IGA_PRODUCTION,KEGG_INTESTINAL_IMMUNE_NETWORK_FOR_IGA_PRODUCTION,KEGG_INTESTINAL_IMMUNE_NETWORK_FOR_IGA_PRODUCTION,46,-0.300209088243075,-0.90043808709854,0.646153846153846,0.846370530877573,0.680161943319838,5431,tags=26%, list=14%, signal=22%,940/942/10673/608/56477/29851/3600/941/3676/3567/5284/6370
KEGG_UBIQUITIN_MEDIATED_PROTEOLYSIS,KEGG_UBIQUITIN_MEDIATED_PROTEOLYSIS,KEGG_UBIQUITIN_MEDIATED_PROTEOLYSIS,135,-0.256943601850366,-0.927552836279976,0.656470588235294,0.84778431518582,0.681298091433992,7712,tags=39%, list=20%, signal=31%,868/64750/8925/9320/7189/4591/29945/8554/7320/672/11059/7321/51366/55958/8452/92912/64682/8450/55120/4281/23327/331/7323/9039/55070/7324/3093/329/4214/51465/9354/996/26091/7337/4193/55294/83737/6502/4734/6477/330/728622/57448/9063/25898/5071/10393/55236/8065/1161/55284/8916
KEGG_LINOLEIC_ACID_METABOLISM,KEGG_LINOLEIC_ACID_METABOLISM,KEGG_LINOLEIC_ACID_METABOLISM,29,-0.319986939543347,-0.873960209921682,0.660907127429806,0.84778431518582,0.681298091433992,2279,tags=17%, list=6%, signal=16%,1576/1557/84647/5319/1551
KEGG_SELENOAMINO_ACID_METABOLISM,KEGG_SELENOAMINO_ACID_METABOLISM,KEGG_SELENOAMINO_ACID_METABOLISM,26,0.328219175568921,0.865368639844457,0.656826568265683,0.84778431518582,0.681298091433992,6679,tags=23%, list=17%, signal=19%,2687/4143/2686/4141/114049/2678
KEGG_RENIN_ANGIOTENSIN_SYSTEM,KEGG_RENIN_ANGIOTENSIN_SYSTEM,KEGG_RENIN_ANGIOTENSIN_SYSTEM,17,-0.349658050950684,-0.843493737780312,0.685770750988142,0.87365314851914,0.702086853931624,5759,tags=47%, list=15%, signal=40%,59272/57486/2028/186/4311/4012/1359/1215
KEGG_PANCREATIC_CANCER,KEGG_PANCREATIC_CANCER,KEGG_PANCREATIC_CANCER,70,-0.274654670554101,-0.88448169411593,0.703703703703704,0.88476821192053,0.711019162946889,5914,tags=29%, list=15%, signal=24%,9459/3845/1021/1147/7046/5291/4087/673/4089/5925/5599/998/5337/5290/675/5602/5294/2277/1950/5296
KEGG_ABC_TRANSPORTERS,KEGG_ABC_TRANSPORTERS,KEGG_ABC_TRANSPORTERS,44,0.296573551800267,0.869756894479924,0.714285714285714,0.88476821192053,0.711019162946889,6177,tags=30%, list=16%, signal=25%,6833/64137/21/215/10347/20/24/23457/8714/89845/11194/10058/6890
KEGG_TRYPTOPHAN_METABOLISM,KEGG_TRYPTOPHAN_METABOLISM,KEGG_TRYPTOPHAN_METABOLISM,40,0.301077677072563,0.868629447229997,0.707581227436823,0.88476821192053,0.711019162946889,8187,tags=28%, list=21%, signal=22%,15/438/55753/259307/4129/4967/26/2639/7453/3620/1892
KEGG_MATURITY_ONSET_DIABETES_OF_THE_YOUNG,KEGG_MATURITY_ONSET_DIABETES_OF_THE_YOUNG,KEGG_MATURITY_ONSET_DIABETES_OF_THE_YOUNG,25,-0.328185824278187,-0.854156528819258,0.718279569892473,0.88476821192053,0.711019162946889,2036,tags=20%, list=5%, signal=19%,3174/2494/6514/389692/4760
KEGG_BETA_ALANINE_METABOLISM,KEGG_BETA_ALANINE_METABOLISM,KEGG_BETA_ALANINE_METABOLISM,22,0.328475422498283,0.827214410385032,0.712890625,0.88476821192053,0.711019162946889,6027,tags=23%, list=16%, signal=19%,51733/6723/2571/8639/314
KEGG_ENDOMETRIAL_CANCER,KEGG_ENDOMETRIAL_CANCER,KEGG_ENDOMETRIAL_CANCER,52,-0.283056188823439,-0.869700278520143,0.72972972972973,0.892958748221906,0.717601257767463,6972,tags=38%, list=18%, signal=32%,6934/999/2309/5295/2932/5594/1499/6654/3845/5291/324/673/6655/5290/5728/4893/5294/29119/1950/5296
KEGG_RIBOFLAVIN_METABOLISM,KEGG_RIBOFLAVIN_METABOLISM,KEGG_RIBOFLAVIN_METABOLISM,16,0.338892831107885,0.795067892680974,0.748015873015873,0.909352629940865,0.730775741095659,5611,tags=25%, list=15%, signal=21%,93650/29085/53/80308
KEGG_APOPTOSIS,KEGG_APOPTOSIS,KEGG_APOPTOSIS,87,0.264825782982875,0.870723509875126,0.759036144578313,0.916757940854326,0.73672681155243,4743,tags=21%, list=12%, signal=18%,4914/2021/8772/572/4803/8517/8717/5568/581/823/3654/7186/5970/598/5575/5566/3563/207
KEGG_CELL_CYCLE,KEGG_CELL_CYCLE,KEGG_CELL_CYCLE,125,-0.242347578463442,-0.868071075967961,0.806306306306306,0.921486999707859,0.740527187088375,9411,tags=38%, list=24%, signal=29%,11200/701/699/9184/7029/5885/8555/10971/5001/5934/4999/1030/29945/983/2932/64682/7465/23595/7534/1875/1021/1111/890/894/8317/10926/5591/5933/4087/5000/4089/5925/996/4085/7272/4193/10735/472/6502/902/545/10274/728622/10393/9134/8556/10744/27127
KEGG_FC_EPSILON_RI_SIGNALING_PATHWAY,KEGG_FC_EPSILON_RI_SIGNALING_PATHWAY,KEGG_FC_EPSILON_RI_SIGNALING_PATHWAY,79,0.267486172780357,0.865733913406862,0.777583187390543,0.921486999707859,0.740527187088375,7301,tags=34%, list=19%, signal=28%,5600/64600/3265/5881/5320/8681/5322/5605/100137049/5595/5609/1437/207/7409/3635/8399/5293/6300/208/5335/2534/5606/123745/27040/5580/26279/5880
KEGG_COLORECTAL_CANCER,KEGG_COLORECTAL_CANCER,KEGG_COLORECTAL_CANCER,62,-0.269807456907017,-0.852883671252381,0.781609195402299,0.921486999707859,0.740527187088375,7094,tags=34%, list=18%, signal=28%,54205/2932/5594/1499/3845/4436/7046/5291/4437/324/4087/673/836/4089/5599/596/26060/5290/5602/5294/5296
KEGG_ADIPOCYTOKINE_SIGNALING_PATHWAY,KEGG_ADIPOCYTOKINE_SIGNALING_PATHWAY,KEGG_ADIPOCYTOKINE_SIGNALING_PATHWAY,66,0.266342700459011,0.84444758208225,0.788561525129983,0.921486999707859,0.740527187088375,9223,tags=39%, list=24%, signal=30%,126129/4793/4852/8517/8717/1375/6794/7186/5970/5443/207/4794/84254/6513/9021/6256/208/7133/7132/3667/5106/7124/6257/6517/181/5564
KEGG_GLYCOLYSIS_GLUCONEOGENESIS,KEGG_GLYCOLYSIS_GLUCONEOGENESIS,KEGG_GLYCOLYSIS_GLUCONEOGENESIS,61,-0.26427128966239,-0.835651978454966,0.804988662131519,0.921486999707859,0.740527187088375,5617,tags=23%, list=15%, signal=20%,3945/55276/124/1737/127/8789/5232/3948/5105/125/130/160287/92483/441531
KEGG_ALLOGRAFT_REJECTION,KEGG_ALLOGRAFT_REJECTION,KEGG_ALLOGRAFT_REJECTION,35,-0.289791940618776,-0.822251817902869,0.770601336302895,0.921486999707859,0.740527187088375,5431,tags=23%, list=14%, signal=20%,940/942/3002/355/3593/941/3567/3458
KEGG_LYSINE_DEGRADATION,KEGG_LYSINE_DEGRADATION,KEGG_LYSINE_DEGRADATION,44,-0.274454792091706,-0.811102547623735,0.798245614035088,0.921486999707859,0.740527187088375,7210,tags=32%, list=19%, signal=26%,39/6419/55870/83852/60496/10157/55217/1962/54904/38/132949/79723/5352/8424
KEGG_GLYCOSPHINGOLIPID_BIOSYNTHESIS_LACTO_AND_NEOLACTO_SERIES,KEGG_GLYCOSPHINGOLIPID_BIOSYNTHESIS_LACTO_AND_NEOLACTO_SERIES,KEGG_GLYCOSPHINGOLIPID_BIOSYNTHESIS_LACTO_AND_NEOLACTO_SERIES,26,0.301029843020812,0.793682408579473,0.800738007380074,0.921486999707859,0.740527187088375,7540,tags=38%, list=19%, signal=31%,6484/11041/2528/8704/2529/2523/10317/8703/2525/10331
KEGG_GLYOXYLATE_AND_DICARBOXYLATE_METABOLISM,KEGG_GLYOXYLATE_AND_DICARBOXYLATE_METABOLISM,KEGG_GLYOXYLATE_AND_DICARBOXYLATE_METABOLISM,16,0.318124339734553,0.746343460782025,0.807539682539683,0.921486999707859,0.740527187088375,12214,tags=50%, list=32%, signal=34%,283871/4191/9380/54363/25902/1431/125061/50
KEGG_TOLL_LIKE_RECEPTOR_SIGNALING_PATHWAY,KEGG_TOLL_LIKE_RECEPTOR_SIGNALING_PATHWAY,KEGG_TOLL_LIKE_RECEPTOR_SIGNALING_PATHWAY,102,-0.24909290678942,-0.853034205659176,0.842615012106538,0.923542512773484,0.742179042523116,8069,tags=32%, list=21%, signal=26%,3454/6885/5295/7189/841/353376/1432/4283/10333/5594/7099/23118/3627/29110/1147/6416/5291/7097/942/3553/5599/5290/3576/7098/5602/3593/941/5608/5294/7096/51284/51311/5296
KEGG_LEISHMANIA_INFECTION,KEGG_LEISHMANIA_INFECTION,KEGG_LEISHMANIA_INFECTION,70,0.261060766501564,0.833618451148199,0.824561403508772,0.923542512773484,0.742179042523116,8523,tags=33%, list=22%, signal=26%,5600/1535/7040/4793/3654/5970/653361/5595/5777/10454/718/6300/3725/65108/3127/7043/3112/2002/4615/2209/4843/3123/7124
KEGG_NOD_LIKE_RECEPTOR_SIGNALING_PATHWAY,KEGG_NOD_LIKE_RECEPTOR_SIGNALING_PATHWAY,KEGG_NOD_LIKE_RECEPTOR_SIGNALING_PATHWAY,62,-0.26238486153064,-0.829420233779611,0.825287356321839,0.923542512773484,0.742179042523116,7952,tags=40%, list=21%, signal=32%,6357/6885/6356/7189/841/834/1432/5594/23118/58484/331/4210/10910/1147/329/3553/6355/838/257397/5599/3576/330/5602/55914/4671
KEGG_MTOR_SIGNALING_PATHWAY,KEGG_MTOR_SIGNALING_PATHWAY,KEGG_MTOR_SIGNALING_PATHWAY,52,-0.263325153122035,-0.809075964611551,0.84009009009009,0.923542512773484,0.742179042523116,6920,tags=31%, list=18%, signal=25%,51719/5594/6198/92335/3091/5291/673/6197/5562/5290/1977/253260/27330/5294/2277/5296
KEGG_BASAL_TRANSCRIPTION_FACTORS,KEGG_BASAL_TRANSCRIPTION_FACTORS,KEGG_BASAL_TRANSCRIPTION_FACTORS,35,-0.276008092975854,-0.783141710983098,0.844097995545657,0.923542512773484,0.742179042523116,9694,tags=40%, list=25%, signal=30%,2959/2960/2967/387332/6877/2965/6880/6875/6884/51616/6873/2958/9519/2957
KEGG_MISMATCH_REPAIR,KEGG_MISMATCH_REPAIR,KEGG_MISMATCH_REPAIR,23,-0.294796970500187,-0.769344119401453,0.816700610997963,0.923542512773484,0.742179042523116,11398,tags=57%, list=29%, signal=40%,4292/2956/5395/5983/9156/10714/5985/6119/5981/27030/4436/4437/29935
KEGG_VALINE_LEUCINE_AND_ISOLEUCINE_BIOSYNTHESIS,KEGG_VALINE_LEUCINE_AND_ISOLEUCINE_BIOSYNTHESIS,KEGG_VALINE_LEUCINE_AND_ISOLEUCINE_BIOSYNTHESIS,11,0.342212109303307,0.722171031317274,0.835616438356164,0.923542512773484,0.742179042523116,6602,tags=27%, list=17%, signal=23%,7407/587/5161
KEGG_RNA_DEGRADATION,KEGG_RNA_DEGRADATION,KEGG_RNA_DEGRADATION,59,-0.257044531269718,-0.809651048146083,0.850917431192661,0.925559311121841,0.743799785960959,10976,tags=51%, list=28%, signal=36%,118460/4850/25904/27258/23658/51691/22803/80349/87178/22894/9337/55802/4848/23517/84186/5393/11157/51010/10200/23019/9652/10914/57472/10438/29883/64895/1656/167227/246175/54464
KEGG_RENAL_CELL_CARCINOMA,KEGG_RENAL_CELL_CARCINOMA,KEGG_RENAL_CELL_CARCINOMA,70,0.254620626181875,0.813053814529605,0.86140350877193,0.931517747858017,0.748588116558225,7434,tags=27%, list=19%, signal=22%,3265/7040/10298/6923/7423/5228/5155/56924/5605/5595/207/6513/5293/208/3725/369/7424/7043/2889
KEGG_AMINOACYL_TRNA_BIOSYNTHESIS,KEGG_AMINOACYL_TRNA_BIOSYNTHESIS,KEGG_AMINOACYL_TRNA_BIOSYNTHESIS,41,0.267504473184076,0.779566197996989,0.873646209386282,0.939295924542476,0.754838830136002,11372,tags=44%, list=29%, signal=31%,2193/16/7407/4141/80222/54938/7453/57505/833/8565/5859/79587/3735/2617/23438/6301/57176/3035
KEGG_STEROID_BIOSYNTHESIS,KEGG_STEROID_BIOSYNTHESIS,KEGG_STEROID_BIOSYNTHESIS,17,0.301435337375366,0.709301910240689,0.879032258064516,0.939655172413793,0.755127529613801,7837,tags=35%, list=20%, signal=28%,7108/1594/1717/1595/50814/1056
KEGG_GLYCEROLIPID_METABOLISM,KEGG_GLYCEROLIPID_METABOLISM,KEGG_GLYCEROLIPID_METABOLISM,49,0.252545135561193,0.7618140801977,0.898395721925134,0.949798619102417,0.76327902610381,8962,tags=37%, list=23%, signal=28%,10555/1609/150763/1607/8525/8694/26007/10554/231/8612/56895/84649/1606/1056/4023/11343/137964/10327
KEGG_HOMOLOGOUS_RECOMBINATION,KEGG_HOMOLOGOUS_RECOMBINATION,KEGG_HOMOLOGOUS_RECOMBINATION,28,-0.271035138475013,-0.733974632397356,0.89873417721519,0.949798619102417,0.76327902610381,9144,tags=39%, list=24%, signal=30%,10714/6119/7516/641/4361/10111/25788/4683/29935/675/5890
KEGG_AUTOIMMUNE_THYROID_DISEASE,KEGG_AUTOIMMUNE_THYROID_DISEASE,KEGG_AUTOIMMUNE_THYROID_DISEASE,50,-0.249351654693807,-0.759217520101001,0.91196388261851,0.958334927497418,0.770138990971326,5431,tags=16%, list=14%, signal=14%,940/942/3002/355/941/7253/3567/1081
KEGG_NUCLEOTIDE_EXCISION_REPAIR,KEGG_NUCLEOTIDE_EXCISION_REPAIR,KEGG_NUCLEOTIDE_EXCISION_REPAIR,44,-0.2493991942708,-0.737055164191705,0.927631578947368,0.969322885866351,0.778969155591522,9144,tags=36%, list=24%, signal=28%,10714/5985/2967/6119/5981/7507/4331/2965/2073/8450/2072/5427/2074/29935/902/1161
KEGG_REGULATION_OF_AUTOPHAGY,KEGG_REGULATION_OF_AUTOPHAGY,KEGG_REGULATION_OF_AUTOPHAGY,35,-0.242346840310356,-0.687631718061988,0.955456570155902,0.988607311056291,0.794466543123901,6636,tags=34%, list=17%, signal=28%,115201/64422/30849/5563/9706/10533/9140/9474/84938/5289/5562/3458
KEGG_DNA_REPLICATION,KEGG_DNA_REPLICATION,KEGG_DNA_REPLICATION,36,0.238859557520318,0.677153314450642,0.962230215827338,0.988607311056291,0.794466543123901,10098,tags=39%, list=26%, signal=29%,10535/57804/5424/84153/5425/4176/2237/4171/3978/23649/4172/5426/4174/5982
KEGG_BIOSYNTHESIS_OF_UNSATURATED_FATTY_ACIDS,KEGG_BIOSYNTHESIS_OF_UNSATURATED_FATTY_ACIDS,KEGG_BIOSYNTHESIS_OF_UNSATURATED_FATTY_ACIDS,22,-0.246678149666213,-0.635198848308099,0.96734693877551,0.988607311056291,0.794466543123901,7256,tags=27%, list=19%, signal=22%,79966/201562/55432/51144/79071/51
KEGG_LIMONENE_AND_PINENE_DEGRADATION,KEGG_LIMONENE_AND_PINENE_DEGRADATION,KEGG_LIMONENE_AND_PINENE_DEGRADATION,10,0.27652112734354,0.5664069071749,0.966796875,0.988607311056291,0.794466543123901,2475,tags=10%, list=6%, signal=9%,24142
KEGG_ASTHMA,KEGG_ASTHMA,KEGG_ASTHMA,28,-0.23285095783302,-0.630570254249964,0.978902953586498,0.99297806848788,0.797978979769547,4785,tags=43%, list=12%, signal=38%,2207/3122/3586/3111/3113/6356/3109/2205/6037/2206/3596/3567
KEGG_BUTANOATE_METABOLISM,KEGG_BUTANOATE_METABOLISM,KEGG_BUTANOATE_METABOLISM,34,-0.222852921947494,-0.627389229335501,0.982300884955752,0.99297806848788,0.797978979769547,8000,tags=29%, list=21%, signal=23%,7915/18/39/56898/1962/6296/79944/5019/3157/38
KEGG_CITRATE_CYCLE_TCA_CYCLE,KEGG_CITRATE_CYCLE_TCA_CYCLE,KEGG_CITRATE_CYCLE_TCA_CYCLE,31,0.203980972726277,0.557822901860135,0.996316758747698,1,0.803621958121109,8842,tags=26%, list=23%, signal=20%,55753/3421/4191/4967/5161/5106/5091/3420
KEGG_OLFACTORY_TRANSDUCTION,KEGG_OLFACTORY_TRANSDUCTION,KEGG_OLFACTORY_TRANSDUCTION,387,-0.128835353688636,-0.515263897578376,1,1,0.803621958121109,12671,tags=24%, list=33%, signal=16%,81309/390445/391107/389090/126541/390261/391211/26686/390191/26496/801/401666/26737/390151/283159/254879/26648/341418/26333/143496/81697/2978/390064/392138/8390/219957/390066/390431/2774/26245/402317/403253/391109/390433/392391/4991/392390/391191/391192/144124/347169/127062/401427/26211/126370/390199/26219/26494/347468/219865/8383/79473/340980/26740/284433/255725/4994/81392/130075/338662/390275/805/810/390264/120796/390067/390037/4995/5132/8392/157/393046/135946/8590/5613/26664/22802/387748/343172/817/5592/5567/219960/402135/144125/5137/9635/26689/81472/162998/196335/5593/338755/26212
