,Erlotinib,Rapamycin,Sunitinib,Paclitaxel,Cyclopamine,AZ628,Sorafenib,Imatinib,Dasatinib,CMK,Pyrimethamine,GW843682X,Parthenolide,Bortezomib,Roscovitine,Salubrinal,Lapatinib,GSK269962A,Doxorubicin,Etoposide,Gemcitabine,Vinorelbine,Bicalutamide,QS11,Midostaurin,AZD6482,DMOG,Shikonin,Embelin,FH535,Thapsigargin,Bexarotene,Bleomycin,AUY922,Pazopanib,Tipifarnib,AS601245,AICAR,Camptothecin,Vinblastine,Cisplatin,Cytarabine,Docetaxel,Methotrexate,ATRA,Gefitinib,Vorinostat,Nilotinib,RDEA119,Temsirolimus,Bosutinib,Lenalidomide,Axitinib,Elesclomol,PLX4720,GDC0941,AZD8055,SB590885,CCT007093,CCT018159
GSM4277617,4.51554636930899,-0.432547429991336,3.70237689924949,-3.44338230229953,6.39553184689108,2.92628134543094,3.75003489346776,5.16198459941191,3.67846679790379,3.79122680528564,4.47233153803513,-3.0376685731112,4.82522863870926,-5.07837624032691,4.80902738535201,4.03526634024863,4.5831781109269,3.77078272488931,-2.29891429848422,0.510507995017935,-2.71342542817928,-4.69942590512851,4.48800092698128,3.08873096920808,0.732566614010072,4.21421906656958,6.86800704725192,-0.286349997545442,2.54678462364411,1.41161424175161,-5.91358643509689,4.7005549311198,0.163937409757182,-3.18921762910385,4.7905192186403,2.10567643657938,3.02169762949958,8.29865723035888,-4.31839935239368,-4.48742173059285,3.33162006863417,0.126360720716142,-5.5347862505504,1.15634596569809,5.0916922075062,2.3891177378921,1.01741250328314,4.68629749446259,2.10810662727217,-0.470748427969037,2.50851557740069,5.53630780326547,3.05901357954084,-3.27451047705129,5.63944185298308,2.25731659654604,0.304081451273084,5.17055208721259,5.60064454176794,2.39349665301699
GSM4277618,4.62837013689204,-1.18361438655481,2.94330813802705,-3.18278505105237,6.43841293966354,3.74515017154805,3.8327836064198,5.02794151459628,1.53746665177686,3.45829504054469,4.10569916236521,-2.64045226264638,4.84872090551586,-5.20337082281698,4.76764459342526,3.93443771559793,4.67464995099719,3.7125292107866,-1.85510965249141,1.5235467207484,-2.29915926674451,-3.7969994345357,4.58974580916482,3.71949935765061,0.70480584653037,3.40332148361584,5.96415613778038,-0.288374284766546,2.94645022204331,2.32851774342837,-4.17499844032901,4.78891893580426,1.99756543598729,-2.25494338543349,4.75754672476349,2.1264256906934,3.4770911285326,8.36213876279798,-3.93339006323857,-3.93074577066919,3.24571236368967,1.26250253932517,-4.75050769548771,0.92312444066904,4.72705422509016,1.68882861375333,1.35913224020069,4.11568551766791,3.70077623478487,-1.1685457321754,2.56784599856837,5.16383585723281,3.32556156558926,-2.23604341529634,5.24424936951803,2.18363954476784,0.350021688836812,5.27815395394718,5.58931337840805,3.21894081851375
GSM4277619,4.47726416345954,-0.281667344750899,3.22364391105235,-2.61974768804638,6.53541144948689,2.94548775093686,3.78963036171625,4.95320204621449,2.92766261050215,4.26334637533598,4.38341815489482,-2.15120397161604,5.03572934882573,-4.95043981546269,4.78872903406872,4.22098240095743,4.35045587194957,3.7661043781562,-2.00578172799069,1.24694350986527,-2.514051268066,-4.43235998669648,4.44570188212681,3.57730164758653,0.425655899295334,3.71950257065219,6.22583465365142,0.531460675512605,2.68321893859599,1.86293057971212,-5.00667223795641,4.71358536470864,1.08450393082898,-3.16855696356102,4.48028112401609,2.09337253568299,2.96664064934472,8.38171320605253,-4.0908411084751,-4.35928378663411,3.41317927539794,0.388467286893129,-5.29971940235063,0.926463491865984,5.40542107336406,2.51696672438642,1.04414809685769,4.20590572385805,1.87827526258456,-1.16897370809534,2.76340106518601,5.47385661722212,3.13763327512296,-3.14114874999775,5.13964375073221,2.19905237960241,0.318863265432293,4.93229922007264,5.59027356100876,2.70352838134092
GSM4277620,4.36923028901065,-0.636768583690122,3.04462857687657,-2.69625476598428,6.37724432880636,3.02865201452617,3.82765169141928,5.00170517245159,3.2099200780637,3.8681286286861,4.31569566600321,-2.65282118673781,4.57039925414422,-5.55029031844539,4.83588137574253,3.92631647362888,4.53884364881342,3.69112819497256,-2.12854901690168,0.365797636284051,-2.67340083564844,-4.47831588820584,4.61553864824301,3.10939483992009,0.26309648023922,3.33668199546578,7.15308733116623,-0.221359810581193,2.53371484870404,2.03266052362252,-4.83300676411979,4.77978358467143,0.644510811285093,-2.91725616219275,4.42838329750121,2.15510232390938,3.12505562941425,8.02045218623458,-4.69977525894938,-4.84402058520832,3.17761286457358,-0.394508473976155,-6.04551134230936,-0.150352982070693,4.87968663490468,2.47356602566474,0.807332656368017,4.16441894995102,3.03892581353031,-1.18991945741333,2.86826641467928,5.40758224776216,2.99394890493163,-3.43638802314177,4.93070753755741,2.16256544611614,0.295920435039413,5.20366420357133,5.59602087138681,3.34819409335897
GSM4277621,4.46605303304741,-0.881917451795761,4.14294128658988,-2.6295598933688,6.35863875755437,1.73220768622595,3.65102304660747,5.0411834277223,4.07285823679892,3.99488756740545,3.90625766435082,-2.417987812318,5.02230585553921,-4.38416330674435,4.76133653410407,3.87854922028289,4.14264382272995,3.93331332046812,-1.72622115955879,2.07811665940526,-2.38462475979516,-4.20020132301611,4.44956974858729,3.6691210236479,0.918033742687211,4.50707981180404,8.25159923538759,0.412230557493537,3.12683314492922,1.85853727944527,-3.72792946877791,4.77071825157507,2.32961124894449,-1.80026120810643,4.99482381978349,1.8935083202619,2.48310079207313,8.14595975396986,-3.76657257387399,-4.04998314760207,4.24875527531718,-0.202736221722362,-5.11119702695345,0.812557491077364,5.60476222471071,1.71002059293537,1.46357547865637,4.21151881305481,1.68735867727285,-1.45114900170373,2.3548544667628,5.35752501292108,3.64061164205825,-2.54982059515311,4.88048146828899,2.52278768240665,0.446835332258606,4.24913722866187,5.68907384570834,3.3219530959631
GSM4277622,4.46897759150643,-0.755979887581367,3.34211495917309,-3.11591330369237,6.42154990089485,3.05686756065545,3.80579085047068,5.09077100731053,3.26191077684778,3.2317014361702,4.37215211965926,-2.81466059741081,4.40602347773389,-5.22952646918012,4.87815517889241,4.10416824573838,4.53175392377418,3.77585954391689,-2.03055451073851,1.13655194908067,-2.71145247625822,-3.88656845289796,4.50994081498179,3.45858858604453,0.291132496239759,3.76882061375078,6.622984844854,0.284727123165265,2.71032093680263,2.29060094096792,-5.17315426253267,5.02886457416522,1.44906770267041,-2.82384855420027,4.55847300349757,2.17096923903047,3.35299763977168,7.77505958853478,-4.73378937204409,-4.10549776726267,2.98999645552786,-0.293322686652539,-5.95858642307122,0.575444994601501,5.28963819576314,2.61698285232549,0.464961149670398,4.25400760929955,2.23932197594875,-0.483927776399955,2.69537186885504,5.41679858381105,3.20977380990247,-2.98920077523527,4.95209457332788,2.20648114973967,0.331386310710292,5.28194280944081,5.64470780979869,3.58905570687677
GSM4277623,4.43493524869538,-0.924864454990347,2.48072803435652,-3.92644479923917,6.45368565951356,2.66945434289982,3.87744473091111,5.00409365682143,1.26325970012623,3.97676180249057,4.50979954317971,-3.00634672015782,4.4320597891209,-5.70121279283212,4.70995305275114,4.10782616279143,4.51282138020187,3.64787209885465,-1.94819266295219,1.20445857926561,-2.5589734363641,-4.11738740273384,4.4990737460929,3.99862754477323,0.922605156449359,3.08795277433498,6.21587608541397,0.340959577692468,2.85625716112611,2.1742958106122,-4.42595290111966,4.6733201829527,0.984361349626946,-3.09678236459425,4.56255565461558,2.07300111926937,3.17733211013352,7.71650131817403,-4.79976836226651,-5.16976718058532,3.11982716893296,0.256721084794624,-5.53325330729944,0.463466860869895,4.97947420592683,1.62012086347274,1.56050912500829,4.00675419269177,1.85720240550528,-1.76025732596329,2.44301896443362,5.26385927474015,3.23922815923629,-3.25049550869126,4.80414494305476,2.10044372341511,0.332591977960277,4.72841116094312,5.62232735467601,2.55534575340245
GSM4277624,4.596282909014,-0.257773674236089,4.10767614780195,-2.52644793369963,6.55750177118698,3.34915612360421,3.71160236489486,5.04401717981855,2.79848798954405,3.34269888999885,4.23064430318863,-2.2802788557222,4.77177453175211,-4.38434526870305,4.89429367534963,4.07092686472315,4.49633995359445,3.84355223461056,-1.83382606571395,2.23987084187592,-2.48591625367496,-3.49181151580835,4.53071860382413,3.50016628666821,0.768843437078646,4.13461119684832,7.06430604545634,0.391223719924849,3.19155125225464,2.20449182399569,-4.8549014324067,4.93855979824759,2.80564840924233,-1.92750157481131,4.58276768021261,2.12094485945382,3.58841397966131,7.91708588393629,-4.1235330745939,-3.60080065928771,3.18422615797419,0.379203883215443,-5.08947459459887,0.411282840563972,5.13026113578077,2.29212437293612,0.986986814387223,4.27637536306862,2.89040873006284,-0.983565124023716,2.60818208076207,5.4380496464559,3.27395231200648,-2.16020172871518,5.01460398100091,2.30865351408313,0.316884585354256,5.19929284811887,5.64850436357543,3.17002341796054
GSM4277625,4.79096110290225,-0.577119278499511,2.51075592079747,-2.40490785637979,6.43874032815871,3.0581056852499,4.04437135947131,4.90589255216558,-0.0912193864797715,3.34421206070436,5.02893443956679,-1.46115578016479,4.57444255890893,-5.48093182878148,4.84300161146983,4.31167064880474,4.82508488973593,3.09326407424221,-2.19428204081671,0.93840811617007,-2.79145023693676,-3.82912504700397,4.63559489305633,3.90630686176683,-0.727789406687947,1.74271624348492,4.74834117389921,-0.20457149661709,2.70320071573879,2.37972443709526,-4.69066747232078,4.23786873589429,1.10026629132848,-3.21108424092427,3.41593454406907,2.26819660336927,3.38911759403263,7.70728378562746,-5.83738905240895,-5.51631977822841,2.63183875349647,0.230099607861883,-6.38621823431307,0.963289205948856,4.68411202730481,1.94863629668831,0.851900768458099,3.71496727399088,2.84612654567287,-4.45081126252096,2.27241527429883,5.27107279253127,2.2502199760145,-5.1561699129364,4.24893936127024,1.63187685105434,0.0844721313999219,4.84878889334104,5.46122788884587,3.14072525130079
GSM4277626,4.70352427223643,-0.80147314397952,3.2554960410493,-2.80408642437916,6.49607837961232,4.1317113668511,3.84571726398504,5.22953431139658,3.63440996853817,3.23900644980153,4.50979553048615,-2.36588201572143,4.55835902929333,-5.50409251082082,4.79811699002234,4.01640112557088,4.58535389934257,3.84625807480681,-1.92259813556945,1.94493350578132,-2.56546631035517,-3.58419210110068,4.64463316196238,3.71503095536918,1.02838771033506,3.49062886591542,7.13838131077889,-0.31340403419283,3.21046737672776,2.51486059318482,-2.67429833877438,4.80870158121861,2.87177525345743,-2.68739911283789,5.19245408804054,1.98083814470303,3.54244852925486,8.26830228606749,-4.20397906655061,-4.06742045124364,3.8306534473193,1.23691709153856,-5.08904798887,0.639312012158351,5.15645959909347,2.25455303348195,1.15489179916747,4.58878074897475,2.52896935808285,-0.917346765983812,2.24638977064899,5.45853039316592,3.45023130186059,-1.64962626581943,5.56269691108224,2.30983210696188,0.397804074684559,4.98934245532698,5.63915200725297,2.96455622662151
GSM4277627,4.51596136770708,0.449936501498193,3.62500329091453,-2.32937221834157,6.64984502121856,3.72897438264416,3.92693969069701,4.88166443837198,1.26604177451228,3.60504688800763,4.76850331023917,-1.53966010986027,5.21118586091825,-4.54846134457371,4.87824444011917,4.2810786465461,4.24182902095987,3.68727822727125,-2.09384154623845,1.04763852046435,-2.46688861796599,-4.06504115882769,4.45654175243934,3.69349421748581,-0.0182607242346853,2.95395122910802,6.58530016309177,-0.230390892317715,2.551558223479,1.95880516095268,-4.945713888029,4.53554101476127,0.366379304208355,-2.86770903526974,4.16363731554936,2.09749301573548,2.70382282861216,8.01776875255156,-4.02585506800745,-3.61557409068429,3.1750861931264,1.30234401122302,-5.56533146717347,1.28185319520177,5.31968867827051,1.61053685019121,1.27783183247548,4.11456261807189,2.91739736464255,-0.615541970377597,2.49844064023744,5.4309570171477,3.46676999084755,-3.23894440648741,4.61480310123524,2.00577982030488,0.342406965311548,4.95406694492772,5.54529399162393,3.13136166649138
GSM4277628,4.46609609028587,0.517128644140236,3.67546873696911,-2.66488374181213,6.3757552328635,2.54030041869747,3.77739622875281,5.04125205565532,1.83526526967423,3.72033285774895,4.65691070406807,-2.41605786623516,4.7997486844558,-5.05255357874813,4.87408586109669,4.0281830927923,4.3182766404937,3.8313720361246,-2.09475382204652,0.669563499839285,-2.42331023828523,-4.06523244963259,4.53216235482888,3.09347359865619,0.969546759643886,4.2225729353535,7.26560108647545,-0.708242697497297,2.59122154545317,1.74531600362492,-5.55667418335202,4.50271528055377,1.86279713989915,-2.24399308921916,4.29126275667619,2.01886051616946,2.888108564793,7.45445780024927,-3.83076780725258,-4.44694138578706,4.13624185335238,-0.0812774212329854,-5.73994722365988,1.16781188464468,5.20867172890809,2.1855474992059,1.04669672578985,4.42619853188699,1.37322490732246,-0.667264659731464,2.59615513130333,5.35135009672724,3.50076571614487,-3.85225928833782,4.74566576344492,2.19411704360369,0.347875875342863,4.8585214912319,5.6751214571863,3.12010049881318
GSM4277629,4.51764122408111,-0.711357045890388,2.27077183915176,-2.83068485144527,6.47885046335382,3.33494105876332,3.94501503396977,5.12671090315233,1.74251142203158,3.38899071265796,4.59629548972626,-2.48129095766491,4.70383862844923,-5.86133399388322,4.78685417896782,4.18322634234522,4.78922558896382,3.61231346553822,-2.00508974065729,1.39589876754306,-2.63412896145052,-3.61494332814072,4.67620033176722,3.89715157223908,0.679323364822062,2.9299959030094,5.47507122408787,-0.20546152105981,2.86520741689966,2.39190660108691,-3.77398715696632,4.7140066838908,1.74869897926139,-2.96878776568607,4.39058315665286,2.08658902950411,3.26306996596799,7.54149232923015,-5.00670314312549,-4.85858595537412,3.30449710329145,0.320942008937062,-5.53905631615945,0.235727075072926,4.78522125828023,2.0532722809159,0.674103045682795,3.81033148333179,2.86591435915149,-2.46023291373671,2.13144441511511,5.17498035523522,2.71673341226576,-4.01307927743414,4.85421976931874,1.89148808423546,0.211493100339642,4.82262080613419,5.59828726829929,3.04092608085714
GSM4277630,4.4008933007378,-0.347136950396649,2.95649872952961,-2.92909064762133,6.40525240784263,3.87153113807127,3.92307678821839,4.95839783759059,1.68498089754389,3.49310229665957,4.53849738870191,-2.57555453688274,4.80808592771176,-5.70316244911396,4.84807907242437,4.2502859692437,4.75770416418283,3.51030002767131,-2.12946142863639,1.11854121759323,-2.77188043325064,-3.78529799226594,4.59838449496542,3.59849053822595,0.296216960797724,2.90864504675594,6.32742853368101,-0.0448347751086953,2.60802071400463,2.35271151686008,-4.18671151288965,4.81035978750526,0.765311568642352,-2.85613372602188,4.23232319335142,2.08820699554696,3.30594165836738,7.89498554885597,-5.33136215767453,-4.89796202762308,2.98248315262895,0.118264840229782,-5.98269469419736,0.429624741204247,4.85571340224098,2.48148653256608,0.995779276990247,4.16732953566803,3.35107802378336,-1.50499217599551,2.32361509712584,5.44688131304787,3.00298372868368,-3.34872899045835,5.03043754524129,2.00603353678873,0.253430604554167,5.4831877385046,5.56997389532848,3.18538271898316
GSM4277631,4.6138989861833,-0.429593937661068,3.34288830666293,-3.43332424938422,6.52432170702357,3.32940928079415,3.92534648773883,4.98272190058459,1.00181736257028,3.28031979813131,4.78999122759337,-2.54852244229424,4.62958401316642,-5.48459040720825,4.90379036658506,4.28905928518892,3.95604969216911,3.59367720234547,-1.96019414298199,1.91730862001983,-2.44266694027421,-3.9415825564808,4.40196307885896,3.70992053893672,0.378504863244229,2.91177304135533,7.16086790502519,0.151032191211366,2.88897817304579,2.19938716730262,-4.19080432313133,4.61068026491674,2.21255241769466,-2.97876753918798,4.38490153023146,2.20187202589346,3.37697844005107,8.25209114591721,-3.9231760179645,-4.34824551041882,3.18037050175309,1.23804121004586,-5.8233183469948,1.19173735340159,5.57092485090235,2.5628610630806,1.25637682888224,4.54806893953584,1.77111909548498,-1.31601469706108,2.98470685091558,5.63128987026293,3.7003658907656,-3.262490678383,4.85273495588487,2.11667903651463,0.392729773615027,5.08636228341201,5.59531586457935,3.02537734259193
GSM4277632,4.88407340738533,0.0162910020321441,3.03674722516897,-2.27189181173969,6.43472644313277,3.97763683287721,4.02847977895609,4.8998945068269,2.98253547660964,3.52891070037418,4.74291687511264,-2.19792097583162,5.04088931049981,-5.12843546014809,4.88233493018274,4.27547768532989,4.54149078188271,3.70968868700689,-1.82809036776329,1.67938662711396,-2.17319662633193,-3.93075095410317,4.62419441367509,3.85738871432776,0.8322045225383,3.1392721371442,7.41751506005283,0.563946754445457,2.84840405275374,2.39360610497827,-3.70146461214986,4.90119508395394,1.28861393444848,-2.23720566751259,4.63382173431863,2.19078149348178,2.92157993309081,8.12975046199161,-3.87279611095468,-4.16693918306696,3.69638556403457,0.499662034922159,-5.46165274414054,0.803154695731179,5.16627206408762,2.16790208591348,1.32633843155589,4.41701911341748,3.2615925805205,0.137666545546782,3.20237513200132,5.45381119986988,3.56895145355671,-2.49104414611401,5.3464300891782,2.1997488066896,0.425009227035024,5.49098239724893,5.63512833168815,3.36908424867411
GSM4277633,4.75967430003567,-0.0717642339342106,3.53385542182687,-3.04163035757776,6.42566622251261,3.46980272938468,3.80095915887191,5.07722007346407,3.93178399174528,3.12949879768712,4.52818099013752,-2.81425703882058,4.65482156373182,-4.58873610710289,4.88753567272482,3.96115488356506,4.44462819274431,3.93746546163195,-1.79716132755977,2.08847061349978,-2.3624312380491,-3.59069763236036,4.53180496385422,3.52985895838767,1.28741890208114,4.09763283977586,7.86185122470665,-0.0267082640988274,3.09186580568677,2.16630214995951,-4.74349896504149,4.8900164727665,3.24841043073633,-2.33993884627871,5.08513229255039,1.97507815759964,3.31988274079593,7.51912287919177,-3.46163997881702,-3.65059442609958,4.2639150466218,1.10991213777345,-5.15569064925546,0.674245155918351,5.32020599536142,1.60790250832754,0.911389433260131,4.43318938135389,1.84313052413856,-0.621747839586451,2.03792791971727,5.34250589581467,3.64815717629847,-1.55498540687464,4.76616395992603,2.37386575819481,0.413544393428416,4.77888631932296,5.71914632400675,2.77530348223001
GSM4277634,4.81658296940062,-0.830035987722503,3.04200750991108,-3.01369605500284,6.46862711094738,3.15815604480886,3.8406708666289,4.95092718569298,3.01417471329168,3.65048648716772,4.39150766232414,-2.63377214377421,4.82523830124913,-5.29753989730651,4.86474839602962,4.15368382723167,4.8465108546669,3.61334967572593,-1.85797789315654,1.53242130799262,-2.36869823368738,-3.74930049034511,4.55228214289057,3.71576383185256,0.622680874674867,3.79742481249278,7.07065605115538,-0.213027713443653,3.10188426593064,2.1580749223016,-3.24646811269246,4.71321741727097,2.54579269913527,-2.54118004717624,4.72596135752684,2.16828040552951,3.24278501141565,8.18648360053681,-3.84037923065638,-4.9645272257862,3.67903968644938,0.763383846561915,-6.18108012245679,1.14648727554709,5.32805789839341,2.220392867382,0.920040718439349,4.15442323072978,2.59724359007283,-1.68056238630023,2.73010793519818,5.32277521508028,2.97038191689467,-3.38038313416169,5.2220643001965,2.23564982663105,0.354389069052301,5.09794958460528,5.59594701239615,3.27724388141431
GSM4277635,4.95863098937275,-0.145737219452725,3.20070530385093,-3.35394940629461,6.63073676700326,3.70878094138108,3.7700922581796,5.05612318893241,3.14886852694479,3.97875483832654,4.84214752013135,-2.75734509302174,4.71459015577369,-4.8554106714104,4.85327561537604,4.33742888703797,4.68051410080203,3.80908480567042,-1.74466789424698,2.18347729134494,-2.26074868225056,-3.92344932918414,4.51921434133563,4.26147367268458,1.73026445996821,4.06311675290862,7.26365583308349,1.3146785348688,3.3420213732225,2.45656818858417,-3.87468162630849,5.0644993570297,2.56067898662628,-2.61103952456441,4.73815201492739,2.27529689753746,3.77424279156656,8.08149447360053,-4.23634659404417,-5.01040047800027,3.48166591671351,0.516329278160667,-5.54611869002544,0.773639583128894,4.8899738517359,1.74930094642337,1.20856862965701,4.51055653802435,1.63051675445072,-1.71338069057179,2.69665776963382,5.37392614866097,3.14156230839976,-3.76632159160251,5.04952275450683,2.2166596217296,0.328565758731543,4.35100692753424,5.62999603740852,2.44256193554229
GSM4277636,4.53976539571317,-0.234269677301086,3.17113796179737,-3.2134680820626,6.36324308971288,3.0340211475736,3.95126126219813,5.07527516750294,1.91227180420652,3.05574765614389,4.78017813024414,-2.92374665475312,4.10785003873466,-6.32469772882964,4.86507306327812,3.9648277326368,4.37860777507251,3.4899206784527,-2.01797514169357,1.40913205007393,-2.59512885299718,-3.77351509783628,4.57581898274282,3.40453935347962,0.620627691469367,3.00100735546736,7.11554521184979,-0.362370909335294,2.85584886495721,2.33286857939487,-4.47191420372185,4.65790186016965,2.43277913594001,-2.92615175340386,4.61277873094353,2.14651655630274,3.38025286996076,8.24814166533832,-4.32376485333426,-4.47279662484048,3.2912660548419,0.497865392874078,-5.82472362797942,1.28642074304848,5.10693411772049,2.35726523792006,0.717333807852876,4.43722550383905,2.67757959484286,-1.21557305013487,2.96034775231209,5.43924432898944,3.33844188049116,-2.76710753460778,5.07697724446343,2.11687484418379,0.318869102733149,5.29965754453456,5.63674663339902,3.09816249327926
GSM4277637,5.0018752817262,0.0575511037504306,4.22564269287421,-2.68461861007199,6.49315924593167,3.66693045805203,3.80076477234244,4.98190833882211,4.63652694734746,3.78951876720534,4.60684898481378,-2.54801311158171,5.17660725018779,-4.48603891295656,4.84032099398402,4.06183674471157,5.07909865587133,3.72567777408693,-1.66665531871085,1.5778106427282,-2.05152384348131,-4.02276091639721,4.33758374726139,3.35615544019104,1.25192192388058,5.21380635975953,6.93543740622205,0.182917019362513,2.6359152052225,1.29598664709567,-4.4203146606473,4.52455511995944,2.89489248678677,-2.68408776563218,4.2942665479687,2.04906186725473,3.08720918430261,9.38177753663531,-3.448465151658,-4.56319221112995,3.70162859703305,0.495034881754929,-5.58058320355005,2.16503170188641,5.64880832343796,3.00832543534214,1.28641272279747,4.70253971243063,2.55041930322999,0.135607087928612,3.39382100821607,5.42489757928051,3.16970888457107,-2.23516916739984,5.45821063498763,2.32333899729198,0.380725953183066,5.16974517721511,5.65527055916349,2.67475142951058
GSM4277638,4.39449053146194,-0.0638485713488937,3.51586437844661,-2.90519720058402,6.61021473554247,3.63893119032155,3.89081157713717,4.9647676935531,2.64720114683158,3.53664702318402,4.79678204223432,-2.33473634751448,5.09427108031359,-5.41484889812255,4.7995076811515,4.07268261357048,3.60908417859121,3.71425532387235,-1.55545740096865,2.32328795682471,-1.83403500737606,-3.86658708134764,4.4540524609929,4.16833455055452,0.921857887647263,3.0615606279712,7.65696328437718,0.385364505154978,3.23500206913923,2.04811936400757,-2.96799819191324,4.62922558115416,3.01433419016187,-1.99471355014476,4.8465872974066,2.18589673226755,3.16760722838605,8.7585781964375,-2.49768534013953,-3.12374418106941,4.24266488698042,1.34380219982491,-4.91186407407218,1.60538403064127,5.75001253222069,2.48069036841731,1.38150613504517,4.56446915950008,2.39978008858477,-0.151095246513943,3.51240179522504,5.64965292364035,3.74226105929894,-2.30525793442346,5.50106797386553,2.30555454038848,0.502553835092433,5.26787937818638,5.62790991974982,3.71534681899447
GSM4277639,4.56720867861332,-0.878413594562819,2.90908969512572,-3.39104385369643,6.38906948473674,2.12909258541368,3.79916515376317,4.97015386989324,1.94927473721758,3.64950429604728,4.2772352893726,-2.46319085312196,4.91945924098318,-4.51054230185634,4.77180232885861,3.9863268625951,4.17999328031222,3.80531558684264,-2.09164400226449,0.814922427330501,-2.42783895390315,-4.08481094372842,4.42448780262156,3.73454696206558,0.804131856357213,3.36117552498939,7.10195522293122,-0.327398243170384,2.85976437074252,2.18331097662149,-4.66692004264611,4.79784215229285,0.567892279609797,-2.58623379867354,4.72400139464854,1.93568700931141,2.37948082413642,8.75919287636605,-3.82110721013195,-2.80644772729341,3.65988505792072,1.5099115741835,-4.44930798709095,1.11324337465027,5.17773372746991,1.93856648652845,1.82688179022789,4.357421294969,2.37940986991469,-0.127520551582423,3.15223060809198,5.30711673682234,3.93212245828914,-3.02059633318195,4.96354516549391,2.19152536060498,0.415318086096011,4.94123673182055,5.64600645129269,3.32468683534515
GSM4277640,4.50948172172962,-0.347349544871022,3.20154749792066,-2.66347605995254,6.52529332293308,3.44471948705985,3.78635844831569,5.17652889507474,2.97997172678764,3.22125929163566,4.50556322291323,-2.42354823206112,4.61283569445788,-5.07406621878038,4.86562848670849,4.13635968772916,4.51101794080213,3.70886562121048,-2.08887499415605,1.31457615164574,-2.7173180740732,-3.80399487788099,4.57768442498926,3.55790877329003,0.72348577184217,3.50198841024936,6.5490147897342,0.157121927674638,2.91955807144499,2.15207752609917,-4.54549797981437,4.77514819651611,1.4608800857743,-2.87608316207982,4.49915972640266,2.1254753319148,3.51208545615037,7.81332257553916,-4.6646507788025,-4.371179121037,3.10472315952818,0.575597953844269,-5.47633344960488,0.297670637270786,4.83395678179386,2.0830022082567,0.78949175842291,4.12330476893345,3.40464283868853,-1.36844016134616,2.43515068710628,5.37379510651441,3.10372880812825,-2.56787495354655,4.83708526655462,2.16078312949463,0.293000444577295,5.24709695711403,5.6185401762009,3.01194528660566
GSM4277641,4.89508287766838,0.237033984946301,3.40577934943883,-2.44867915977382,6.53108885505956,2.69904296738666,3.9558055508629,4.91077688284049,1.71838699406581,3.97601952175443,4.51747464262199,-1.78646746030497,5.03834138385699,-5.11962019011543,4.80461601409951,4.11819182426428,4.35239473355558,3.68708032739027,-1.56523255676799,3.190290380386,-1.99989062039486,-3.20055543201549,4.46017135246413,4.11478358059084,1.01387842714784,3.46506513066861,6.96990169110359,0.137965663240623,3.26289162339005,2.09387574469566,-3.39502709603401,4.83864724687509,2.49258795867335,-2.67932498851802,4.60107562236069,2.17872843926121,3.1834517701009,8.07214333967111,-2.97582834994266,-3.87352280358843,3.63466798269303,0.748736844200847,-5.13852742923749,1.6141893201848,6.01376789518773,2.02107675966263,1.38293863166942,4.05734077090604,0.996084197000871,-0.648110424337927,2.95243159862216,5.47243394025599,3.7320893390318,-2.98439288143297,4.58268109250126,2.21819768595668,0.475063487098899,4.60722948949557,5.63706111736581,3.49511289165433
GSM4277642,4.71845443873918,-0.294061088071649,3.27720335994003,-2.319448187446,6.49847051413882,2.53500463950227,4.06995443982194,5.02488027181737,2.11903723768325,3.59197983294636,4.20489711444427,-1.90813915515769,5.11471997470984,-5.14104392240189,4.78419117697979,4.25423979336892,4.76623786356627,3.71004500401459,-1.51951605286897,2.83957682008,-2.004734306368,-2.77378701656983,4.50320195140278,4.39674319993565,0.97381637933394,3.41576763405938,6.31210883473839,0.124943941078847,3.16514386991873,2.65741695828577,-3.25325244227391,4.82026666262651,2.87242761592354,-1.76742780837774,4.72597885693853,2.14758925380378,3.00954906352331,7.9737168200041,-3.44532105593676,-3.71897320806752,4.09947149987733,0.544907401379531,-4.7272523974328,0.819394342501299,5.63246286623846,1.76151199631875,1.34345295480067,3.81768097479961,2.29741602877796,-1.27977134739921,2.14373916445014,5.22629357389218,3.07291280238886,-2.33730284375235,4.73969102726771,2.1438861088404,0.395306148315009,4.8917287049163,5.57351811971859,3.92850702349081
GSM4277643,4.51958351897377,-0.431750018376682,2.65556383592177,-3.41364907137397,6.40745056475744,2.9634809270721,3.83918684275975,5.06104104389415,1.77650193005374,3.60026111895804,4.46435290797121,-2.73813037214304,4.51823329988517,-5.49466476872461,4.82275152573092,4.20336248271141,4.54627746322594,3.64751403200307,-2.1002403308326,0.894085343707869,-2.7813808708425,-4.07355882859549,4.61185330828171,3.62272044089129,0.406212799514912,3.4807452708076,6.5570222220389,0.190655352335945,2.82507843695995,2.31392205129404,-4.54539459797656,4.94023831606285,0.611702346155074,-3.07608377343071,4.47155207696223,2.18757980506501,3.38554408023663,8.05259624516595,-5.07150617215323,-4.75424925908842,2.56152137975632,0.257940281049673,-5.49116513237274,0.865742814854784,4.99049430316092,1.47469036034605,0.900288831083484,4.16304640725689,1.45941369686009,-1.87739246371464,2.31629354854137,5.19536407660719,3.06291929395594,-2.86882178719087,4.64069495053624,2.09995005234395,0.321197291458293,4.8701526906469,5.62079371341132,2.97262455686653
GSM4277644,4.68520101653352,-0.148006529897323,3.25610260199988,-2.60013591643192,6.47977304965664,2.61606257977538,3.85129384444152,5.00320194167185,1.46058740754574,3.55788508496336,4.56708768184403,-1.86441210870942,4.8825022146892,-5.54212880899104,4.84063667122645,4.20610755343455,4.33703430377312,3.57243538139578,-2.02104410561283,1.49390791582829,-2.61952700115847,-3.79374368877713,4.50627549201377,3.87065134592344,0.389309367005146,2.86872953137674,5.91966322264453,-0.466527290236527,2.91373349621164,2.14157357451139,-4.32782411256283,4.5879002402179,1.41336805824142,-2.67924697397701,4.35047493270845,2.11508631120956,3.13029980967648,8.41257963065238,-4.13203394724642,-4.23341607549915,3.17336842885097,0.801565886007387,-5.3539025010476,0.896347058213319,5.08646065448089,2.26356759387312,1.32004279467557,3.9920801992862,2.67268149648874,-1.86015287197238,3.02213662606,5.31695208611661,3.18788264463826,-3.62232427831682,5.02765517564023,2.00097104624912,0.275402015544433,5.15931273867014,5.57488018186406,3.42067599914886
GSM4277645,4.53239532440792,-0.608744846438368,2.63030041457946,-2.92549899771391,6.47031619827497,3.32205464918482,3.87787512467115,5.11200971338206,2.34357976914893,3.73826659577323,4.72300614054185,-2.62417338939134,4.63130748539146,-5.64914428747009,4.82501357422076,4.08871188535694,4.3615761605604,3.76115745999658,-1.74014781065877,2.33438411368835,-2.35464549784362,-3.51779670588406,4.6402294869542,4.17367231638821,1.19309940682636,3.37177146634874,6.38889557491025,0.609081260796096,3.12454081890502,2.48615292813373,-3.66332252680913,4.82434201808795,2.88702919612287,-2.70194518754943,4.55254383478001,2.22366294972845,3.66457919256383,7.45296658034339,-4.17509816589972,-4.65928178409314,3.65381497940069,0.565737283652736,-5.29740792866191,0.507254969774415,5.11942349170139,1.56833255875395,0.99555192845583,3.96321837782885,2.28594981136453,-1.8287935171736,2.35397089251919,5.27472069864079,3.29344533045591,-3.04291259465037,4.45050571568407,2.16907895702557,0.351768475249683,4.81492507668756,5.60626006019283,3.21165553840967
GSM4277646,4.56718255484826,-0.692138759019944,3.17893859425993,-3.44128144570657,6.25753111786502,3.02736228755046,4.00535874646336,5.18434017967283,3.58433501148131,3.65592036580827,4.54587713628604,-2.75953271716495,4.92554482487066,-5.43458283385509,4.76570507710207,3.91232893600252,4.25813080980823,3.89405367015602,-1.99729593868565,1.35345549130328,-2.49638280871856,-4.12369582065314,4.5705802480863,4.33910919880051,1.51624824669861,3.77684927007919,6.43678336418147,-0.0766746700209655,3.11449252501523,2.48156823416912,-4.61922102347788,5.26612686266241,1.25665369188847,-2.65260728211802,4.81682732197197,2.15675817993573,2.99287843424249,7.61840490137718,-4.80011356790952,-4.32388918821701,2.88876554129491,0.693390058984873,-5.68253639598984,1.04561153400183,5.10387185011728,1.80998328962155,1.4694434418082,4.48774274886868,2.76528017526135,-0.148851124224645,3.30434788839854,5.31517541371524,3.86105506189615,-2.5589151601997,5.00098929873461,2.2372746814912,0.435729827539331,4.89141836764112,5.62410842486354,3.24719398734296
GSM4277647,4.56835679805239,0.210040358941741,3.39925092789502,-2.92221354806354,6.37410386340983,2.84234812719515,3.91014149960139,5.04919668437926,1.78199247913016,3.43109886863383,4.55923727702911,-2.3148162006713,4.93113911521099,-5.65895404456541,4.85691156168382,4.28853095455934,4.85225407021864,3.64106789048188,-2.04494663743879,1.33630826847929,-2.69682475088006,-3.81180010036852,4.55561559414445,3.56714899334593,0.703159452620859,3.84720003818863,6.03722747789608,0.0872290488578198,2.65020284332431,2.33490002441486,-3.95735912519039,4.73813398361772,0.504902724494137,-2.62902569058707,4.60411075402657,2.18870803490453,3.42170210233509,8.05164062772419,-4.55542321179637,-4.71970538371538,3.2578587794204,0.441180613272143,-5.88375405348688,0.58622515013468,4.93157208659895,2.28970178266213,1.39156458455715,4.43970443161232,2.00484694392966,-0.509007113077711,2.62353258591723,5.46250094920535,3.4505209497573,-2.56597398154277,4.96050604808782,2.07810795776779,0.305811474204845,5.50025349939813,5.59294759945787,2.89030275243032
GSM4277648,4.90356670118504,0.164290200927645,2.35859359202939,-2.54872768424183,6.65111577420781,3.45279929683335,3.959483686887,4.76965971149078,0.115705458101402,3.90956382789307,4.99490789516939,-1.46364947225085,5.04528555973207,-5.31288515317805,4.80751526150797,4.19075760756772,4.68138262518702,3.24781599326417,-1.87297831399586,1.8330469441812,-2.41774602318065,-3.48336803651752,4.58911847139617,4.25607279852863,-0.262683879303097,1.90475899939673,4.7662421258103,-0.18248776096646,3.03922583292397,2.34155440422444,-3.69928784416468,4.1254011671072,2.00051456529659,-3.29143960132921,3.92891219039788,2.17935639491166,3.07662468894363,7.38158398550739,-4.73580482765242,-5.21325909169892,3.09150048551526,1.16194779519146,-6.04041990692517,0.99669525664881,4.87877060686063,1.13707813170704,1.13356326687887,3.47692177560725,3.00812918574027,-4.1183093692551,2.07609761897397,5.28115627278987,2.42756898189239,-4.56862589654349,4.17493685534617,1.7167004247268,0.188474385325116,4.81137862048968,5.44041915158813,3.23113385769724
GSM4277649,4.10445152368481,-0.545210782272173,3.2873805844124,-2.98070591191133,6.38661419541586,2.45462263866045,3.9870606644473,4.78993217153662,0.047497609884612,3.6822929329321,4.78613261544491,-2.442790137769,4.36456079879684,-5.96314952001296,4.85515683017655,4.32148319029705,4.12156309277981,3.26306640935517,-2.10917724508677,1.1342063363362,-2.66595743267061,-3.91216724748279,4.4431558608815,3.71955702739955,-0.366755704588604,2.54122910809326,6.24426131347302,-0.144188241145855,2.45254739598709,1.87616628647443,-3.84821252237263,4.50093765627008,0.926763208904205,-3.14231075919195,4.06393830567895,2.17122445756994,3.12212794687704,8.60853599033388,-4.47260063694547,-4.38848039846555,2.90137409545153,0.683160678791536,-5.47678733392941,1.30279169648736,5.35516842871663,2.32132366515466,1.13179540528078,4.30600327183675,1.6671997028017,-1.92369891912572,2.70930432287157,5.43537080056258,3.20951054873877,-3.65846550028296,4.52436400221425,2.00287055762496,0.273676691248457,5.03958788533515,5.54373103404108,2.92829880193694
GSM4277650,4.21864005137541,-0.57220067137427,3.00783809876901,-3.08258743475171,6.43169055488265,3.29684207709341,3.73975100084886,5.09134278432395,3.03048958675821,3.00115472442569,4.36137809103594,-2.85909138586425,4.70244731980661,-4.87669458615789,4.88809003435017,4.02761033496441,4.56933427927772,3.77157681356408,-2.01082859958826,1.38569086677023,-2.76185854210495,-3.75433931100647,4.62346678607276,3.59558640891339,0.988602234425008,3.74744344140869,6.80634309161683,0.191750348491926,3.06683124129298,2.60885053020684,-3.99308419184674,5.03162341399423,1.77931618630852,-2.43931172264808,4.6559096401389,2.08398240530215,3.44290742390337,7.42862785729615,-4.72000897254389,-4.4645472317822,3.4038243390346,0.556053746576674,-5.23297827669445,0.0534785307361449,4.66434656025032,1.78314763184313,0.743329611235898,4.08830321126953,3.21315721416243,-1.49471984153096,2.26805434167515,5.19065110317784,3.08452475778717,-1.92431212602389,4.9235192624516,2.20052510924134,0.290991343599108,5.33847558003527,5.63191975510309,3.0565410935383
GSM4277651,4.83017480292779,-0.164872063470256,3.52898361421217,-2.92525169578187,6.57551697910937,3.30202124248619,3.8182495935134,5.03687051763232,2.73368323275827,3.69691690131265,4.51372506805493,-2.2873015091388,5.18480218571405,-5.03129911971314,4.80017228678317,4.18664993356095,4.09454003682943,3.8398745494513,-1.69388278959117,2.5597379582832,-2.0759212442608,-4.00044873137563,4.344163634509,4.09651535757679,1.18361269782042,3.61296454235679,6.68383571354356,0.670563084716822,2.96026495538398,2.0095784876655,-4.8145439322566,4.89030776344529,2.22161691491798,-2.68968504258103,4.62115122437221,2.17663296871109,3.00105270646882,9.07490635179305,-2.36142106288941,-2.95996865378229,3.78503782768788,1.58284627676501,-4.69981304993956,1.41473399733356,5.41081091234807,2.17842024249046,1.88555819381852,4.42260977140274,2.55341561450416,0.326332448350794,3.85405462141528,5.50545076732747,3.95587056683156,-2.50706370371592,5.00010024080134,2.35990032081902,0.482157689748345,4.81413922982949,5.63627441606853,3.6471864045451
GSM4277652,5.18476178126534,-0.26316031664976,3.90521350953242,-2.98175877571577,6.62283516372248,4.260908595718,3.77385813832816,5.18616691812615,4.71382305428241,3.56104305915991,4.59116590612418,-2.49028547812937,5.18549774493095,-4.2412788367653,4.86514619368333,4.20936474002702,4.10568141017779,4.13237077893261,-1.7026976087344,2.29345989596487,-2.11216710861581,-4.24096692784089,4.42327644707965,4.09501380601591,1.74725220913469,3.96302197418507,7.36879606861297,0.884821491440389,3.10477302881419,2.16953582552988,-4.54802591048806,5.36953794783607,2.31987421944892,-2.52223649423994,5.11722493785706,2.30034802588689,3.30165937785587,8.43556904890314,-2.20283054688822,-2.57616381476021,3.75338012949278,1.99995115269976,-4.43252528678999,1.27509036733704,5.17219769513741,1.98526011243481,1.85806814791717,4.48480621535331,3.71724215344659,0.583506909928477,3.85413354872768,5.46117352202077,4.2061158314978,-1.93362882468031,5.0105799325857,2.53513928232488,0.504070249655539,4.44214442826663,5.66773187083959,3.3874506093132
GSM4277653,5.06435278466359,0.226367192115209,3.73173971256383,-2.81953529936067,6.62624602400311,3.74728434185688,3.89336894467136,5.12982570761199,4.07795803155361,3.54109748316992,4.46686036551647,-2.16204898042705,5.45351379608699,-3.81011930470354,4.88050676713237,4.31639819619641,4.06353831333121,4.00032516634599,-1.78497057903474,1.87375929611133,-2.14592657795155,-4.27390764474695,4.4044692437228,4.03764463474158,0.973830438998383,3.57300245923848,6.75316746620884,0.705258109421717,3.0360705436672,2.19287022063759,-5.07094984453668,5.38721497615503,1.36820027256096,-2.71720860859481,4.96821495067365,2.30677206959766,2.95817264083147,8.26541974987571,-2.91053130675896,-2.78686512939595,3.48875801168021,1.50213802796683,-4.46548304201181,1.02575501955902,5.21214359438263,1.68620767920265,1.47020157170699,4.27270167558407,3.20896555302745,0.179626990481509,3.43168597621691,5.36764826458218,3.98381916337127,-2.30288103193317,4.4658557239819,2.40877001173799,0.471009881077605,4.35887370311378,5.61018400701822,3.52117509254559
GSM4277654,4.32488901356266,-0.092018496134564,3.65124764343528,-2.32880848292383,6.55942110842294,3.42185002837521,4.01192128711709,5.19929828286919,2.93010218703946,3.6888188521975,4.76702726589971,-1.88803537612117,5.11240749753108,-5.3916520894365,4.78961753769689,4.24423674882214,4.04435324890907,3.91014723651489,-1.99250385241638,0.872477136274114,-2.34882757182712,-3.7787683129888,4.61938363863521,3.92555938219925,0.681059169739416,3.20459631258963,6.37836194568027,0.098966362313023,3.0990323910927,2.47108167426009,-3.42470064008751,5.13845684924189,0.785678093297101,-2.40390853550818,4.81018358122543,2.28106095970061,3.43798375255855,8.83364849482079,-4.05223311234714,-3.35688272844042,3.51044834991736,1.0311807392965,-4.41468010199198,1.12462251289362,5.29780199153484,1.45869829070884,1.68841947551774,4.61538089745783,3.41010428140344,-0.875599323857488,2.75926778560148,5.31346488422505,3.73008777884549,-2.75934549688381,5.48744034897228,2.21403838927061,0.390797717020235,5.01352468312886,5.59632573686765,3.25207468736636
GSM4277655,4.5992149128262,-0.0634372891326382,3.21766364255362,-3.05129089810157,6.64424397213773,3.08969394858425,4.06373420771706,4.89117724975752,0.0231575317367856,3.32029888488986,5.08330800093525,-2.02081412700414,4.40108596106017,-5.92962026041457,4.85419283704078,4.55748860796004,4.41577827741932,3.34306687360893,-1.85330696094501,2.26647594605293,-2.42193139715766,-3.4316379670224,4.46580770719641,4.21904599665554,0.00407173665999405,2.6835406972225,5.99684760303237,-0.293295895653502,3.16973254024595,2.44912624551473,-3.98056704874757,4.40083695584791,2.2550766056639,-3.10268795355052,4.2745514929704,2.24817492817573,3.60180360590475,7.65713122303982,-3.86320258157865,-4.54259920818205,3.29344641207648,1.44684862039842,-5.99040817250737,1.02143469840772,5.14113239594711,1.73944915890468,1.44770718766972,4.18285461356936,1.48895952746281,-1.98533117167872,2.66083297618294,5.54070087184812,3.4460407849389,-3.12577229732328,4.62874101443646,1.9425619885898,0.318177580677641,5.20267974486867,5.57694146365466,2.73529803391277
GSM4277656,4.46543159117078,-0.516187112036727,2.8367940046724,-2.96210448725355,6.54032805144301,3.12488839687403,3.83774507302969,5.07434246481847,2.75190949538026,3.59408702055064,4.52352110969094,-2.63526518986403,4.86757367931147,-5.36312409919963,4.83098721690507,4.21494385835402,4.26941881440419,3.7181239213139,-1.87748377719736,1.37445577085483,-2.43843821973146,-3.84589888134119,4.53935544932181,3.96121735476248,0.648787878969892,3.46842366564274,6.25945936467219,0.130067220802328,2.83978213539001,2.07332730483969,-3.9558967525561,4.83400587113075,1.82820540847784,-2.65847513196669,4.50848908809122,2.14091529652494,3.10534713564753,8.15423120030536,-3.9049840464876,-4.18735979601879,3.68512166736498,0.757145548802467,-5.22055720488781,0.764196811522371,5.24526536153215,2.18228339996232,1.15895736151521,4.28836786759871,2.58720665886954,-1.63465585196074,2.91792815997876,5.35464627024696,3.27746967184481,-2.85800350904424,5.01901535320171,2.18292967315803,0.335514460527087,4.8688123396423,5.6231169326664,3.18697998556265
GSM4277657,4.70167389793427,-0.836906739665231,3.57468852758905,-3.44851767371821,6.52759292245104,3.17759895977833,3.87528204786656,4.99377311204408,1.45944519115944,4.18313011389063,4.56305259001617,-2.64514043339854,4.96514569668125,-5.4797966581987,4.74907168855055,4.17014349167567,4.36263105763485,3.69010642323535,-1.82287526672937,1.76493212456845,-2.28375010566628,-3.84685560149648,4.38800093632545,4.028792654407,0.942962903933298,3.63086906516682,6.56685972664348,1.0619321138262,2.87197298169492,2.0801854516266,-4.02783797349948,4.56200275759711,1.55351012114242,-2.91736833740292,4.46288371988519,2.14726601734926,3.23709137458382,8.49573151500421,-3.63209667281623,-4.2584638725116,3.31106576890333,0.869150884142042,-4.93636120367807,1.64123744689329,5.49831209653252,2.22239986035185,1.76442147336244,4.18268758576373,2.40587894847896,-1.60999816979014,3.32422922374598,5.41208258895417,3.50816996216343,-3.27585846991209,4.87249862009704,2.19624372852243,0.351272698369899,4.77192951967822,5.59396639000862,2.84095507237348
GSM4277658,4.63748313151193,-0.304589252026874,2.94693132599068,-2.90100617527304,6.37400738498788,2.62793491304207,3.81465885102589,5.03419852007536,3.1995430556765,3.53056141508337,4.63584908986603,-2.74445475131017,4.39591758951121,-5.48047701933476,4.84592075451693,4.04264933471072,4.34385784136404,3.64115018148831,-1.8756803462129,1.55122844688195,-2.5297209857816,-4.00882798013504,4.5035139269328,3.53333559616151,0.534002818861869,3.29323370119661,6.87710070596466,0.111444849919154,2.7415914175689,1.97782346637195,-4.8734623468369,4.77944304946741,2.05762612867552,-2.91545218000461,4.41672657115444,2.13896931364725,3.01864814408788,8.06059517238447,-4.04022282889099,-4.3047785897852,3.54624418774076,0.479675233805406,-5.49654311514288,0.839154357840574,5.3990668475692,2.25319628120852,0.998748397754019,4.49124193746322,1.97562103463462,-1.01301789332004,3.23225836744483,5.45517003509934,3.35675668732093,-2.5470079550897,4.88570629412534,2.21298585180901,0.370267980359306,5.03018386050506,5.64598150062567,3.01087560167529
GSM4277659,4.77143117522895,-0.35209748873412,3.11096164085065,-2.77515804956546,6.47733303016933,3.32648025326951,3.84129773106435,4.88794603444425,1.28649435111461,3.8014696134763,4.51249105221813,-2.40205078463109,4.52442882260758,-5.64221543395128,4.90750587589333,4.30883223621875,4.40798338373776,3.59311387616214,-2.07575953854821,1.26772931044387,-2.73905800479706,-3.69464741648288,4.65779380548021,3.58061658834401,0.635515906725534,3.37092500742124,7.26176667039562,-0.393034488836277,2.66544171390259,2.22321849566551,-4.64484509400899,4.49686545752534,1.43043764150306,-2.84574625012453,4.22616421535933,2.13299317309814,3.39291717045829,7.97859113692494,-4.60808216543464,-4.8392822284919,2.92840011411827,0.664442480929954,-5.64274471821318,0.598999653046802,4.8830419001063,1.75461292196711,0.826885625045159,3.9849234457566,2.30654051705802,-1.51534290870707,2.66047153402059,5.19145207747313,3.11094420688391,-2.95429828141077,4.84004590723151,2.12306004236288,0.316709519968849,4.8532217712168,5.6062648756544,3.47767629174478
GSM4277660,4.76024726453555,-0.118378404814607,3.32446908730457,-3.10019754642388,6.41052067238238,2.94985483644261,3.85308470575281,4.9803825655305,1.68753948844332,3.70754187510857,4.60046299808301,-2.39832746772747,4.77855525356709,-5.75350846754494,4.86550899540651,4.33587047874704,4.47319194734402,3.66149735030409,-1.99977480191736,1.95571064632241,-2.59825790643086,-4.11855429005633,4.37453787185591,3.8206963167031,0.571788684392844,3.39799296419155,6.43060264212451,0.222225861695467,2.86165878187457,2.13210717031389,-5.01008759206613,4.75276257794048,1.61241669936566,-3.20680349104354,4.27988910123126,2.17529820881555,3.45692911020092,8.18376081890725,-3.73832275526234,-4.24572627946513,3.03508147175297,0.793029834292806,-5.47513365569879,1.11585212470564,5.0714016557702,2.23406590061557,1.458390263503,4.33115507236566,2.118819506375,-0.949919259631532,3.30287623288357,5.4191415990305,3.50306093984705,-2.72864614065262,5.19604920187203,2.17681508282259,0.360704038203748,5.04833881186756,5.60988896372895,3.05411302564504
GSM4277661,4.29019948123999,-0.399337618618604,2.9080077472902,-2.99953925753571,6.40707679153579,3.0432348105758,3.85990722355002,5.00743961548666,3.09730860153455,3.95025505961166,4.53933141100316,-2.56843065196736,4.861839292836,-5.11540436630771,4.80130489536731,4.12125639399414,4.4391235819244,3.71036407390532,-2.20966847404391,0.662983797377877,-2.8543372521823,-4.6029093594665,4.65972632019229,3.53076142180726,0.156887204703749,3.16996646106684,6.4575881989434,0.130345825325302,2.89421858007919,2.22914428151616,-4.19935023509799,4.99229949844714,-0.0427672669147068,-3.07527897296452,4.43655685768702,2.05260595650548,2.87722018642424,8.09842389808215,-5.04144404787082,-4.50978658720688,2.89934353284244,0.509397724600891,-5.15288168090185,0.272591804371775,4.55267015537311,1.37669227260302,0.982717873563643,4.34337836060676,2.63696819947,-1.03007208225848,2.31608738090913,5.27310085488699,3.28722619193983,-2.7284120660054,4.89921266429826,2.15327383402162,0.295042971301262,4.99986002642125,5.58782286927563,2.61484039391061
GSM4277662,4.67263725074219,-0.241293737732464,3.14791658423926,-3.60241389247398,6.48935305165186,3.0692883832994,3.91506868073811,5.12638015679915,2.70724685757112,3.3284499141528,4.7682160549617,-2.71075266329168,4.6078572300922,-5.75204456190314,4.82663136409359,4.26707630953445,4.38302802290677,3.64846101780169,-2.10280516554999,0.882627426872213,-2.6208884394071,-4.31359154369171,4.50321627517992,3.82033869219674,0.658283680445223,3.02224255278811,6.64736044744668,-0.156857423657337,3.03794044136142,2.17771221861504,-5.09496507084779,4.79519646323139,0.684887160909863,-3.05836851880179,4.64705556150761,2.11043360297475,3.14134708217811,8.2652047159435,-4.67019680005076,-4.68774831716504,3.44870729792713,0.691718967535302,-5.95377824674718,1.1135767708755,5.42146155285529,2.38713969149598,1.26576622487865,4.43830808405868,2.50493309651801,-0.701688863657063,3.19812120308912,5.53191852106741,3.44282571008507,-3.159123826008,5.08350222011828,2.18494572352022,0.367563397250484,4.89762419322575,5.62378727974071,3.03780543605424
GSM4277663,4.87412535506781,0.259576687320488,3.56997796918972,-2.30008038856733,6.52573726229892,2.82722561316882,3.75182296850148,5.08209390038729,3.02389661964133,3.01495734103415,4.33048454571285,-1.93799263106977,4.91057143167611,-4.16495830986988,4.83341572630943,3.82247658541914,4.55635080627776,3.79919569737673,-1.89214206390877,1.59527724541912,-2.35044811512157,-3.23135701109194,4.53739939791847,3.67516042330444,0.662663555514158,4.10389528501299,7.01963946842248,0.472040413060197,3.18951429208941,2.60601399089968,-3.2093327033926,4.79555851256664,2.18203508188518,-1.91415328410725,4.39125786477964,2.14348017174516,3.22518642551812,9.07550951647678,-3.49567603815358,-3.18242441231105,3.77483499034247,1.36033675717702,-4.46700281645786,1.20081476832122,4.94763083647181,1.75703093645047,1.24883008468356,4.22714037836161,3.41487527669143,0.112204650128824,2.30839348004446,5.3143974218171,3.09579294437778,-1.74656823245924,5.10182980912673,2.24342095417207,0.344721639515408,4.9958659363921,5.61378340656687,3.7874380536779
GSM4277664,4.30213838439969,-1.14347724852515,3.45239154433137,-3.33496661672055,6.62044814770824,3.24417596635896,3.70348934005963,4.97930048017281,1.56359062085216,3.09416881693359,4.4405735790219,-2.86721256257281,4.80801413953314,-5.59630371861816,4.90370306805977,3.93416017417457,4.57307129663928,3.68229046266109,-2.13952973915574,1.01227139680859,-2.84190516563087,-4.47962746866851,4.75214350215841,3.04561657376815,0.392367308633282,2.59902227031391,7.27138431623399,-0.165172505947323,2.60823052820252,2.04577113818929,-5.29965927711075,4.7790905296563,1.45898078482809,-2.93857873040298,4.45411939424159,2.03903589277901,3.46364932243028,7.29609946239737,-4.79698377265711,-4.33694569189537,3.36545153766331,1.156601502274,-5.40368484565567,0.460195585507936,4.85956861371453,2.17228748784578,0.43165230096185,3.95136907797196,2.82354458064542,-3.0922339875535,2.45555560866763,5.29215178676139,2.97030516342403,-3.18944882336291,4.60179601707575,1.97811198570374,0.117608647208699,4.8717692174985,5.58514140684092,2.76100398214003
GSM4277665,4.7392589021238,-0.455446726814426,3.2389161002517,-3.24666943459633,6.42244055681051,3.45460526636971,3.93588987864131,4.97654498667619,1.52309321522958,3.72726396227303,4.46232591765498,-2.55045315749598,4.91381696827361,-5.44536872577787,4.83475216578216,4.30544841566387,4.75493833167708,3.58011570386316,-2.13935657522103,1.30533077963221,-2.73302916936299,-4.41086814511716,4.48970911084406,3.52398704649924,0.201926026820277,3.51675542674077,6.12411801309768,0.418585313503407,2.69165041714678,2.02410379103305,-5.35953810348777,4.90676996010177,0.6918292615004,-3.09261231178455,4.37970345422532,2.12732677235405,3.1106096001622,8.10071561488732,-4.4111109531317,-4.36190202164776,2.7489948178599,0.603529693065051,-5.75992710171473,1.02641573828027,5.00466462175489,2.17636627389355,1.11818808378702,4.20107170834599,2.17867356685496,-1.45291690072369,3.18957621784377,5.32419702429116,3.11073292154646,-2.99867552857072,4.98757658957832,2.07978259732099,0.275874956365352,5.02719362652523,5.60993024797006,2.88896953088942
GSM4277666,4.74028538884035,0.146347704722642,3.33651351508297,-2.39073268171256,6.46208294702687,2.88425244679988,3.88704410369539,4.9736997328137,2.17309563287516,3.56654225894929,4.29026045098973,-1.98037191483278,4.72553872860133,-4.5655160672189,4.86661794062555,3.89984041885517,4.38635392739616,3.72225069165661,-1.99420724123934,1.40312298559509,-2.47184194311845,-3.98153746975406,4.53649976543028,3.42835013732355,0.0544776636162352,3.01843748537883,7.06201209735341,0.284717252460737,2.84022265709519,2.17435582613516,-4.1770811570206,4.68259692487766,1.05889678957027,-2.5178092988644,4.45396269618265,2.15185554244291,3.28166586887598,8.41446843101779,-4.34697237988287,-3.94828534106479,3.20566993763987,0.322112682633327,-4.98598289712288,0.854546166636238,5.00301703022097,1.56494017031569,0.853264830922257,4.26467340858127,1.8974688580729,-0.476968430317088,2.25065638966224,5.34651193870177,3.4789731481485,-2.62668667213151,4.73070578639755,2.19764144722509,0.368885083615156,4.92255699776849,5.59410815441121,3.31414984846955
GSM4277667,4.67152996315286,-0.580619521568964,3.52811045322582,-3.10679679535884,6.48988815535283,3.61759294193593,3.77376760227252,5.0359042678105,2.92177422739603,3.94199550926934,4.60100220492235,-2.47095257277086,4.49772174791248,-5.16755626487081,4.76629452985226,4.30817296770395,4.59162045616671,3.75375297376375,-1.84460269957655,1.90731036050898,-2.40283523980033,-3.66829370717053,4.41686352518947,3.93432242249997,1.12628874689263,4.06418865042677,7.12267085130829,0.947369292102529,3.15732142533351,2.28216126249961,-4.2491773056607,4.90126192181964,1.84424974034772,-2.67651247754315,4.51790687985558,2.16188631104156,3.47406432736754,8.03708483564308,-4.00066994066047,-4.3607955634915,3.42580029664638,0.317028903790381,-5.55735038220428,1.40230915630173,5.33082246663314,2.11499724175298,1.58643366922098,4.38612825383111,2.3598051280887,-0.591619185308593,3.02952733909557,5.42312056726478,3.23273957745695,-3.26347675348507,5.45073338254695,2.27326461686095,0.394123984289534,5.0640714476375,5.67457177227354,2.90068753553443
GSM4277668,4.84227292455837,0.00213402291833553,3.28964008704489,-2.71135907456288,6.38164098585767,2.71574991366455,3.85968419106521,5.02568670400541,2.47842005214242,3.81785323216673,4.42480678928849,-2.25673965281391,5.27518939701144,-5.17963128313877,4.81601443962187,4.1047638252351,4.43328029230321,3.80239716901211,-1.91085644539194,1.25942758685399,-2.28660621837275,-4.10790643241919,4.57869779080521,3.63109356576151,0.956145901101863,3.98501427703045,6.77174762274047,0.0188728282296786,2.76228047404657,2.08284334757397,-4.57821190000639,4.7973154351223,1.03870404527709,-2.59985136453065,4.7189066786338,2.16770136793224,2.89416382327859,8.19593126321051,-3.51925901044051,-3.78979796879383,3.36714947550872,1.33121538614733,-5.03062832245113,1.1941552096764,5.14539016415249,1.88433897658026,1.40195686535699,4.35986847361917,2.45398361689604,-0.143866411875914,3.21382318526723,5.39591483986058,3.66988075592,-1.88559763303715,4.83079739439486,2.25381004780601,0.408990021979919,4.8762430595675,5.62849574034451,3.51058592494271
GSM4277669,4.57578741191824,-0.477781278560272,3.50928905843254,-2.70652079817097,6.65758723012316,3.8070581710532,3.82422279374979,5.01385753342027,1.60662071314714,3.29939629971732,4.9487583097886,-1.95505812082404,4.90984467011908,-4.9971512103976,4.90169667166657,4.41712915959374,4.44116234074394,3.66004834627473,-2.07011980158034,1.27562920381041,-2.53155708783871,-3.66770200571334,4.5532032544075,3.89253105193956,0.601257243306215,2.93258661661344,6.15787701933256,-0.330565117696421,2.85679857287063,1.98206410981578,-4.41504875708392,4.81416639150468,1.16912745227758,-2.79098240607973,4.55653903218935,2.26819271969531,3.36525268148941,7.91772503049069,-4.17534336844462,-3.55294855442444,3.03838298801922,1.4686262832277,-4.94244971331059,1.09215005788695,5.14578071510369,1.99778915840414,1.38349843648016,4.3686253959639,2.72608538392589,-1.1106859201967,3.27454238504274,5.41309394022658,3.50369959827167,-2.78479361632137,5.24290597566543,2.10618572539874,0.293439183277074,5.25192599799634,5.58962159134734,3.35857275592349
GSM4277670,4.4231620664104,-0.327077213381893,2.79894895955271,-2.69270541862037,6.47378141635655,3.11787068218056,3.96901331441405,5.00200082021581,1.12557188583167,4.02802551709594,4.48012980669583,-2.14581276342532,5.18109618518321,-5.51905168498774,4.77473525112827,4.18029994543512,4.30251660822658,3.61672480035288,-2.00168985467367,2.05627439778278,-2.58338933694604,-3.46729032702179,4.58132073616536,3.89011159001642,0.361522632842587,3.27551916777584,5.60088345719663,0.289313892878692,2.69433267571698,1.99844088433439,-4.51198412816542,4.54080219252209,0.997950218288643,-3.04315597648411,4.41401746076099,2.08253349970246,3.12133126733136,7.71897652677755,-4.2563814692899,-4.50301456522654,3.52939876706018,0.687882886558655,-5.26749412247414,0.927937252648981,5.28208158374408,1.52922443239782,1.31472708513005,3.9088045563389,2.65055866394525,-1.72064292483043,2.31550083817289,5.26319128228923,3.29716747866111,-3.50598606483633,4.72337629517456,2.10664408616437,0.297833392625813,5.2461254494749,5.54644101120169,3.02410853734563
GSM4277671,4.42683774914005,-0.320685848709685,2.9046814035934,-3.01092080517047,6.35742535864807,3.00496795223641,3.88540915526036,4.89636207686021,1.68145976858101,3.9033823855961,4.30566869691611,-2.53514760647322,5.21059744032136,-4.90226353530693,4.81967559782096,3.99665489726811,4.32476150712017,3.63167818815188,-1.83192527172444,1.68006772306649,-2.26884324601865,-3.93715878867686,4.411762008129,3.6860436760466,0.483963169371566,3.49153309819282,6.53553036744572,0.482452883818818,2.65319733655889,1.96708873269619,-4.32640352461806,4.58621978934011,1.40807833134322,-2.41457203566446,4.32829851178488,2.08002778434536,2.83765005393164,8.24760792737877,-4.12076539835727,-4.5079948392102,3.2262122992974,-0.12523449927127,-5.34387935141394,0.521647145075852,5.00149920484976,2.19430846509662,1.10212274033183,4.11031707670953,2.29717324714227,-1.20564862315985,2.52066594831065,5.20015735534629,3.23009096550681,-2.94562202834804,4.65297279826811,2.12810830374245,0.338285997036164,5.18024344931887,5.60007724944957,3.04324525695912
GSM4277672,4.55655445532009,0.688817634221015,3.59105904071296,-2.61945523981654,6.60387064249762,4.1228648828256,3.84884364466502,4.94565075055648,4.30182603387527,4.36812897848177,3.92310227561853,-2.32129599780651,6.07844627284278,-2.91766840019386,4.76905534887024,3.79802401220554,4.1419813587201,4.10307633800779,-1.70749700999685,1.85038015829748,-2.22634135471574,-4.14303306656901,4.46331881967951,3.73913946337261,0.953571702923251,4.49077273536428,6.54545317449161,0.934732097015099,3.12580867661965,1.91010829184496,-3.30314862057632,5.14098837957768,1.73055530618098,-2.23474353852758,5.10555115898061,1.98585997961561,2.33940464456965,7.6833357180482,-3.38836225649462,-3.5185438645026,3.78435738826308,0.154208268922534,-4.0652557458383,0.422618355431887,5.18557332052809,1.53230675879585,1.1050263725687,3.90870468480242,3.25725745273193,-0.319869147437711,1.74115935920006,5.25115728747139,3.31270207986564,-2.61967527530032,4.73212853147051,2.38029433623987,0.384305046474196,4.4052289378131,5.52862954587651,3.19753756202299
GSM4277673,4.5509695649429,-0.4800795804894,4.06248380992562,-3.29019624378031,6.34696083603281,3.66484573501852,3.88239207135022,4.97032087692456,3.73147327322658,3.69829874330672,4.19385520236609,-2.84911016341478,5.32302789083765,-4.56008811351113,4.86005193303707,3.73528986044739,4.0659237522246,3.95836978798337,-1.85243521220296,1.44911837497414,-2.28154619872888,-4.3775890212409,4.37959680610108,3.49284319572207,1.11192519301673,3.8987209811471,7.65836898164424,0.659134234524181,2.62762954699195,1.78440068590338,-4.03778897304532,5.00622660003621,1.22308611934475,-2.24779564142178,4.92359112612741,2.05543415974304,3.05085938325917,7.84255555694762,-3.81810583794326,-3.93797897928766,3.44024191987014,0.114202942682078,-5.21938049514895,0.42377600784587,4.98886926890926,2.34825312968008,1.01858151948352,4.45070031835247,2.73900535051914,-0.151105709093541,2.54833919684919,5.28681250134467,3.93523964210411,-2.70138228818652,4.69478891762416,2.40301478982972,0.421193003745643,5.00873221178704,5.66972385574804,2.63852955095036
GSM4277674,4.8501614473327,-0.0876568309298751,3.29630043228892,-3.34921240839478,6.46375384171198,3.30002356100605,3.69066530435981,4.83693921760476,2.83621480559535,4.02342205596749,4.45277800664078,-2.25628696784695,5.47898498472305,-4.3751835051126,4.80350229690586,3.77827242116049,4.57187694195888,3.74507312944339,-1.86930665151269,1.87062056212383,-2.33086668838733,-4.09502258651649,4.37507525718479,3.84100156018861,0.791043926784576,4.31223090703385,6.20878761009266,0.589743108971948,2.84187057827237,1.83162974881731,-4.22666527320765,4.60735035204394,1.51232062961241,-2.83138140377671,3.99706551336988,2.073230298433,2.73381489244435,7.93317627838834,-3.79935310897205,-4.555812631222,2.77172082452378,1.02962376517439,-5.43608183674473,0.851254369207515,4.8576727700322,1.89722962098205,1.50738931671967,4.36045495699716,2.40070342845044,-0.481235016673647,3.1192593312187,5.39806331096077,3.58812762057418,-2.791034953971,4.7717440152749,2.17758310680403,0.355066922837161,5.1954119862833,5.5883453081357,2.70929719702955
GSM4277675,4.44491338779996,-0.258411766913307,3.78132834752518,-3.29393575640033,6.57805901399744,3.83324858277569,3.76241779224461,5.10117636322602,3.69285761201367,4.26186750937935,4.72239909883518,-2.44766599633551,5.23055373456775,-4.94715847582546,4.81084367358449,4.08837783913855,4.09309409627118,3.91612653538551,-1.8808511947898,1.31610282725923,-2.33505806531142,-4.34098442280943,4.49774105816224,4.09913349671971,1.30484168327112,4.21789142794932,6.54122225124571,0.79489035921841,2.86014059533134,1.92165162168441,-4.06053066082756,4.84607613434331,1.69066283761419,-2.64849261034809,4.68657014827422,2.15666169439582,3.29625846052648,8.81643768080493,-3.92933750201176,-4.37450635615088,3.54476438942312,0.90685956853923,-4.96150913378839,1.22144999526914,5.0577565540221,1.89493208832247,1.61413441546696,4.5294895314522,2.7922380993237,-1.49909658411455,2.97982953245627,5.49941893057235,3.50128500957338,-2.77053563392803,5.44313445162933,2.29561243016032,0.354775560145703,5.07157907380292,5.605034413043,3.00257807784792
GSM4277676,4.46195037807218,-1.51626816666023,2.17011798873252,-4.34041493210114,6.39987354401968,2.27277308088849,3.73484425947717,5.07883258915187,2.34214828829296,3.55165813232695,4.12053245585282,-3.27149236130974,4.25532994122788,-5.8641406040833,4.68313650022443,3.88282708821039,4.65480806660665,3.73586851812179,-2.1913990318563,0.00934746026103017,-2.94885701140498,-4.66169896891116,4.58619211733453,3.48593031697624,0.692850841160598,3.39212934005582,6.36689095176291,-0.081993889014333,2.68971088074554,2.152902374684,-5.92973210481982,4.7673319450198,-0.616414743020636,-3.49598822971084,4.53667093639198,1.88609150890546,2.99564371624159,7.22186379510376,-5.75553460622719,-5.3116087427484,3.08202814757642,-0.52319819415384,-5.80673773370788,-0.359625901392377,4.70100168306408,1.09625475844118,0.907161754170533,4.00263987375648,0.705827884332802,-2.03224638126652,1.5728996913447,5.10010717182365,3.22173451553672,-3.59016161203779,4.01902499722357,2.15356659194174,0.279703278978269,3.98068539077729,5.65246276691562,2.09749952577357
GSM4277677,4.51833631367706,-0.270521005680115,3.01408223486815,-3.12535717420788,6.41560622680365,3.23470610348732,3.79962223835451,5.08598827553696,3.21771922542758,3.55954045450835,4.32190266296336,-2.58672941757756,5.05501481489694,-5.15743532253663,4.77660250292523,4.02405965521137,4.65796156867408,3.85922361971049,-1.89242418595634,1.55369849214703,-2.45460545914304,-3.98760894028119,4.58711920649853,3.96522285519848,1.25134736994634,3.91263703837266,6.84366646767204,0.286998217899832,3.28038426422891,2.5341002092881,-3.11858440908989,5.29097295837551,2.34955268138288,-2.20804250135269,4.84940459839155,2.04164155269476,3.29650985814172,8.00040018428387,-4.06100105487763,-4.07293692002001,3.46621300320134,0.430913744588921,-4.86977068359441,0.986008890243475,4.86773886756703,1.37243094495208,1.14084477432544,4.28822917495804,2.74456328983927,-0.740079183969723,2.54911959412313,5.22290897905689,3.41748492589682,-2.98691417195638,5.10284271941605,2.24235571266032,0.384401029862246,4.99334757342801,5.63385233619045,2.86797632069141
GSM4277678,4.77552141696436,-0.281849377950369,3.03430879727412,-2.36023155305776,6.38696879972307,2.83822544665513,3.96572768731207,4.91824538671614,0.894127398286724,3.81135549912076,4.61694810241034,-1.81273369228056,5.04858506911578,-5.54893193992705,4.86192350306033,4.18596059744647,4.56767545404687,3.52537977979441,-1.90330529937193,1.70564710634806,-2.43092994000693,-3.66865554663878,4.55813463828985,4.03703341532046,0.228492376924971,2.65571294245337,6.25685274122752,0.0319423962437604,2.89593502244522,2.41148019870619,-3.79765659656221,4.67395744156791,1.37020490685937,-2.33982327721651,4.3823293054932,2.21732847523705,3.18589842991643,8.09946582162019,-4.18810390465018,-4.23537101789303,3.29220569310789,1.1407962298778,-5.18251734975847,0.872082673118543,4.87109866798538,1.86271577647936,1.4299867735895,3.94132331786059,2.73800950854488,-1.59149715821068,2.95304155255204,5.20784830946315,3.40589251899183,-2.93001005195952,4.62252189309095,1.99280215639903,0.304628005172611,5.21182140456083,5.57365382450626,3.95946450764519
GSM4277679,4.40677773528734,0.141969186310378,3.77350382897022,-1.92757262166955,6.48243892062945,3.01445736389102,3.98062770724492,4.84571706094132,0.385395037682127,3.89137035739372,4.77457981261033,-1.20238341990566,5.23174167369467,-5.63722113323912,4.81248463620752,4.11361716145083,4.18235266026543,3.52690470137614,-1.70976264202365,2.83467207325127,-2.26043692591405,-3.28055692816947,4.48164748889989,4.15583565090922,0.0340589802209683,2.90929192978764,6.03085933679733,0.174764361172425,2.76663781800342,2.09953684472888,-3.52544125701944,4.32547766122078,1.59223832554896,-2.71799013448116,4.30851977331454,2.1923854660077,3.02965579116774,8.32661509407829,-3.67957126459565,-4.05698247883802,3.33285466023279,0.763517182531869,-5.18992593413211,1.34485256916838,5.6318333888237,1.93588630942756,1.27832976133637,4.04110315219121,2.04810975634002,-2.23508811033919,2.74646461242133,5.47772190714737,3.29840526283046,-3.22874322170623,5.04666522123262,1.98532755667338,0.312296009010975,5.28362715835368,5.52219018369309,3.91191057735099
GSM4277680,4.51143504174088,0.0542975843587978,3.82804324062229,-2.99185097699571,6.50497529611394,2.67773154760941,3.961444350134,4.96344916888385,2.68531684813699,3.62256086875669,4.88020403898808,-2.49427436741845,5.03742661033452,-5.10441444835637,4.88499001409198,4.37335553995328,4.48259823086623,3.55701009913771,-2.05980897323035,1.46266996706771,-2.40409970730707,-4.01453573184985,4.46426724391815,3.72470138613684,0.583433391324201,4.12203070980368,6.89390048110703,0.086335598921691,2.71752361319044,1.76286764756301,-4.65035316077783,4.68475780345141,1.06783173736687,-2.89165805044043,4.62117003998337,2.20183591191768,3.32536691557073,8.96783488674608,-3.34835281715652,-3.60597926479369,4.07341113770693,0.734425408339272,-5.41600740311412,1.70252039558646,5.77217711520905,2.73327903699119,1.35842983768505,4.72898782245189,1.29872774209562,-0.0316831162268816,3.44151265425657,5.69407836287912,3.4647758138323,-2.84172574812974,5.2501181357452,2.25448847295192,0.377153672107086,5.46102997389434,5.56555815263806,3.19425504931443
GSM4277681,4.22933819331005,-0.252732645194634,3.95904823732389,-2.59922555741961,6.38903163231411,3.24980119159993,3.73348189617811,5.03750289817221,2.29334787939727,3.53420064388662,4.36141205267197,-2.2622720678799,4.95151311032142,-5.52532359589904,4.83074583702313,3.82729904962261,3.92986331030332,3.72489854321097,-1.86144409828443,1.78171155869673,-2.46240169435484,-3.68868530462061,4.55207025331346,3.52653088987496,0.501736175189314,3.59248185026646,7.11231786157452,0.253338422214961,2.87565816084044,1.80973138911466,-4.00180486200101,4.50242622943432,2.34093764222451,-1.83541431825467,4.5635897219746,2.07164620804615,3.12692144952975,8.40388801908616,-3.89890680563021,-3.69890465510978,3.38912593832205,0.375995281744961,-5.26622023234375,1.29358106542383,5.74338663149073,2.57273470939916,1.16351889218121,4.48273278278045,2.71809134955714,-0.78103308046995,2.84073674763627,5.51005290418258,3.43778634499662,-2.451792720347,5.1648268474287,2.34733425077292,0.40300529429694,5.5445756944103,5.60051896239572,3.81003118146371
GSM4277682,4.45410184900806,-0.244092933523781,3.41148139044207,-2.75457924244462,6.56750951910211,2.70949643974513,4.0101044116801,4.73736234174183,-0.166269066947255,3.71245310147985,4.8723232626413,-1.72810858167726,4.92182261563604,-5.80752687032486,4.81717290721853,4.21804480891816,4.03156592693828,3.4261988626606,-1.61892413387817,3.08318160485134,-1.96392497689921,-3.36034240687783,4.41917515736676,4.4270560338864,0.0894311326613568,2.70807612364546,5.91646194924428,-0.250984537686684,2.95445293841158,2.21724297354578,-3.0355294204062,4.33933343764857,2.6898119268281,-2.57332702909542,4.19950471788284,2.16135344157736,3.23346080575893,8.54440294370642,-3.05756763481311,-3.98907591151789,3.75000505718478,0.991545383885044,-5.31479695376864,1.36177804677205,5.49655020678007,2.26506185045217,1.68564676598239,4.35298581362038,1.66377034840455,-1.28342538034152,3.13249839839027,5.5318440003234,3.61679886946973,-3.46716125435391,5.56398820112343,2.07878964762212,0.41294668112361,5.62783030971209,5.5429137357167,3.53170029115014
GSM4277683,4.81226379483147,0.142300601848252,3.73591068703017,-2.41645425908869,6.5185543523955,2.44740924489376,3.85804999653752,4.83189110353227,1.78235356499465,3.86642764251453,4.57022771748758,-1.77980416909806,4.91255150344076,-5.2432156678667,4.84553288968752,4.0131064035713,4.28174880387878,3.65290559673778,-1.79693996415114,2.09665571934611,-2.33209873081874,-3.60759328313422,4.47144535058778,4.00346970510545,0.462562362764025,3.28821925552219,6.87311001907889,0.124955526599592,2.89429969777071,2.24483311087467,-3.77148376530693,4.65076016812663,1.57684938980134,-2.49575633503684,4.44638467876848,2.13201106111516,3.11592776828863,8.61159908701621,-3.60848233250361,-3.63447878290228,3.56098836599427,1.19057735640064,-5.14638632440789,1.36859046220186,5.33214705812831,1.86223114240613,1.45932282032265,4.24637554140191,1.74661315922872,-0.659541335045658,3.07992827455067,5.41467845261724,3.67502901233628,-2.77448772546653,4.89791148369572,2.19075148448821,0.412565411003825,4.69720017219107,5.60043593284965,3.74875579837474
GSM4277684,4.92989583655581,-0.394359786533441,4.24116678573983,-2.45698425546541,6.48771595877224,2.64162887163285,3.70446235992394,5.02065333993769,4.25994192335203,3.71424057313866,4.15432158921141,-2.39460484676543,4.88962860660536,-4.81848868768273,4.82000609662901,3.58432280445453,4.22328292580748,4.05909823972979,-1.62402722428823,2.02759721530354,-2.20010255548654,-3.65305517595979,4.52589775885801,3.71217864312578,1.65018619892432,4.31474725501816,8.21519827167398,0.476367990542283,3.28747966529232,2.33595616026001,-2.94757333627386,5.20157113611559,2.46988470374276,-1.96833129786043,5.19806639592487,2.02950356071952,3.23781121659257,8.3945823588035,-3.32213044553795,-2.92657933291299,3.96712752787147,1.08454854827127,-4.7439175905081,0.884237579895048,5.36265524469002,1.95524244501484,1.38002857423159,4.45119496005144,2.26634608891789,0.638383117427525,3.13367060922257,5.39411027781764,4.09149342033952,-1.88452997160987,5.20020379620822,2.51305557303594,0.51511470157415,4.15633737790844,5.71006541893391,3.69750096085237
GSM4277685,5.02457030794183,0.212252033343347,4.30770500383576,-2.1895433746804,6.54840017824048,2.87776878670757,3.82117451131417,4.94430194072689,3.70155385415793,3.67913305205664,4.27468892790972,-1.91015917956356,5.13921528266227,-4.13801286634548,4.87556276306341,3.8318680725156,4.17045762449854,3.99788380771401,-1.53653879678637,2.4785328095384,-1.96735096838236,-3.38386019820777,4.49920230897127,4.02249612327457,1.32031346092661,4.23074061250087,8.21887047499332,0.396500830001902,3.29368421175847,2.32972461406357,-2.90731323114946,5.15603322630797,2.41561839116685,-1.94650173094659,5.12490501068207,2.16902502268744,3.22473391393647,8.49047903649313,-2.72522324059982,-2.50211650040317,4.04519564312468,1.50055648909585,-4.26807826632159,1.04923568913571,5.60804740214166,1.89859235211558,1.46150336485715,4.40760405801765,2.21420652751774,0.325193097423039,2.89437312835654,5.34700671001465,4.01825144342027,-1.80562283846132,4.8902704888334,2.47514375578231,0.533069363871232,4.14960024152339,5.66961891155578,4.09359521793017
GSM4277686,4.67879636686722,0.340141065181456,3.67926388727877,-2.43996207423789,6.5454698583471,2.90432588403866,3.81116319710539,4.80597133010258,1.26372376619818,3.8828112573444,4.57594095167353,-1.69720550075007,5.2733159097339,-4.98651690461438,4.834953996207,4.06183073513361,4.13984302158594,3.68103545065158,-1.8777615907639,1.8298037774788,-2.30460693117749,-3.86456707295775,4.51387995717434,3.92180788478137,0.380502270269062,3.70095239848653,6.13952867834139,0.0797238012508839,2.83222361061879,1.98924339277312,-3.99637424142122,4.64537658291048,1.59091195485688,-2.30054136407345,4.36777127500487,2.13409996306494,3.16182845203478,8.13115019811559,-3.79230731684782,-3.73532860065225,3.38991704512913,0.957331226471484,-5.19537947610496,1.26117755881355,5.04760871549431,2.0128289578215,1.38597182438901,4.19966485774978,2.06907249244803,-0.882591098916665,2.90978875867862,5.4865801691323,3.49689103382517,-3.26050438488067,5.00773758087048,2.12786833262416,0.353134668584786,5.11096803340241,5.54777780550194,3.59029380304028
GSM4277687,4.97019190868572,-0.423412096428459,2.71460947565883,-3.04483536200908,6.34979184677828,2.49113963319209,3.91608697190746,5.17912045212699,2.54242161510513,3.71123297634329,4.5431711774839,-2.34054366909151,4.51201623490959,-5.67379853239845,4.79176956316226,4.15596454100227,4.89819211672433,3.60085106902337,-2.16735255025985,1.19373864521372,-2.79050091318378,-4.18264443658278,4.55261813264822,3.57559524894491,0.635480068379964,3.18630990128379,6.04706014803246,-0.0223525076066782,2.7927681891167,2.05123365967891,-4.96831779134471,4.86685806112502,0.538002049342044,-3.57016956738611,4.51451039172701,2.10982742177868,3.1256133658531,7.64093974947373,-4.60521158416385,-4.65913663768563,3.18486430440621,1.033406093003,-5.35655549178441,0.722367773694003,5.13010564360124,1.98203620690868,1.15856082496016,4.25418295844544,1.93680636632442,-1.50060778583495,3.03552839922617,5.4066139010378,3.39441453747781,-2.74492040316357,4.399330451304,2.02260505367066,0.283589212973831,4.66935195512307,5.61083517521639,2.80171632976018
GSM4277688,4.58385463407201,-0.317129871852952,3.40059468748235,-1.96780595131286,6.44289197402643,3.34790328677252,4.04248685445977,5.15001877661355,2.17084323871358,3.83978423948567,4.3954364039861,-1.80244377377481,5.01215553750698,-4.79020961300084,4.85782299744953,4.35259652363591,4.49804932570921,3.74115277009957,-1.94234171995504,1.71342924474326,-2.52261261928965,-3.63981907706252,4.6119865948721,3.76238590729719,0.331944763630717,2.88842260060084,5.75523930568121,0.149689155524113,2.7566764281722,2.24547637272062,-4.04315353415221,5.06707888714668,1.42488675610683,-2.47597846741178,4.6873159559346,2.25700081172899,3.47198068728323,8.25800849497149,-4.33787092230822,-3.49726405732848,3.40278034623642,0.743746764460684,-4.83766283124341,-0.0179225323682299,5.15696812509541,2.25554107456504,1.23304962418996,4.22784684258084,2.7268204008037,-1.20764019550571,2.75423131933964,5.32790243743813,3.52412281670749,-2.52203272360177,4.81196120610478,2.12197152482143,0.332644220665212,5.11044792850361,5.55847294411554,3.42222169362529
GSM4277689,4.6663484783864,-0.0607935319529531,3.98731085914577,-1.61151076834576,6.50717666592288,3.36286383865663,3.96557535817818,5.08313189724952,3.74443183142682,3.27361926143194,4.44791066869855,-1.49472895701208,4.9643339376163,-5.03966256893205,4.89396507471461,4.2756338981654,4.48534347445185,3.69282452609575,-1.82110408501973,1.3785420736398,-2.37307570296725,-3.87868683478254,4.55604213935964,3.80545782170634,0.49011662587623,3.68455684648116,7.53461551406626,0.231675729764664,2.94704289765732,2.39810517993845,-3.44746333351634,4.90479567027323,2.19703036698753,-1.79068032744855,4.60011723500298,2.11222127816974,3.07632416810631,8.59796061476067,-3.66155997563275,-3.71648941235965,3.9038609181958,0.250170337894543,-5.19903619662764,0.812940727521616,5.81627590554262,2.96517258494031,1.1877255598829,4.19353080358226,3.02851833339068,-0.594975803949039,2.49127422202182,5.43702259589675,3.19140733668399,-1.876497997464,5.21302955227413,2.28519982989015,0.411718235872246,5.53455197847151,5.61788633362337,3.68094399985584
GSM4277690,4.65038537559554,-0.142326542252601,3.34039870372526,-3.18589269001971,6.3208585829366,3.0436379344645,3.75876698425377,5.07719219473286,3.23853351748686,3.56897108276603,4.45861101010891,-2.89899494689223,4.57679674204221,-5.32483346653201,4.83783890594192,3.90408319323163,4.33711538488752,3.7751925634581,-2.00304437693988,1.30316086900336,-2.59205145164871,-4.03778761987776,4.5353530100323,3.35619962756668,0.972582549366375,3.89201259048695,7.29924508688783,0.0946249224373723,2.91000891668897,1.91091343521384,-5.15265336292184,4.82749490315111,2.62418813369387,-2.73925814846184,4.68590757033006,2.13632798703023,3.48691277934294,7.47896055024514,-4.36731854008718,-4.48759515722029,3.29022806266103,0.665666978438612,-5.84078627896813,0.949078558895334,5.23472533366732,1.54292918775738,0.67200609946434,4.35257967113252,2.08274267910012,-1.11400424835525,2.46301862382839,5.3529597652726,3.35961877523651,-2.8648359097447,4.81853739078786,2.20560457364171,0.352831496438387,4.81143137402109,5.66982695922802,2.54233341863462
GSM4277691,3.8887911091264,-0.502040211138427,3.77512074065235,-3.43872955138668,6.52114609426344,2.61330394771624,3.82651536113245,4.95344524385074,1.86437769828477,3.38512835089303,4.45233033394523,-2.59543200498001,5.06744277402434,-5.62512813295797,4.8184450629725,4.08816722825737,4.09634151304294,3.70375024662855,-1.88361336402718,1.77342816358592,-2.4484578121289,-4.17157272159007,4.4920970066689,3.901296791116,0.539039906241196,3.45741377401296,7.05532518912775,0.180706902872755,2.8709717007673,2.24373346525629,-3.61832406595926,4.74820535084626,1.12981844709599,-2.42503569804609,4.78181293301629,2.12420925388911,2.98362769019326,8.49839004531495,-3.67240683717288,-3.92616902220826,3.9366565594668,0.98998162183191,-5.00035044742975,1.01909646080139,5.38287150245685,2.08580266933728,1.68707160820455,4.43923206918905,2.17790103518894,-0.731762179205205,2.9720659406321,5.53179298610994,3.74586344405901,-1.40293942488123,5.34799986170181,2.30141663187628,0.402783007268038,5.60001961802775,5.57918202353685,3.72383745526015
GSM4277692,4.45778715117816,-0.748744384058563,3.20479461293258,-3.26623242575794,6.34548889352546,2.80404503886359,3.75461887825199,5.02144775266743,3.04190960196271,3.65788922809136,3.84619041853234,-2.81490531752593,4.63877333398638,-4.80988910926104,4.79339145212671,4.10982450544963,4.66410563414425,3.71595383720487,-2.22992024951302,0.368120607466547,-2.88077444874804,-4.70275424874606,4.442102880692,2.81842577443638,0.135114617908832,3.79985413425856,6.97920960622005,0.0412090639536924,2.46149110768677,1.85753045240811,-6.27963502346624,4.73721790838261,0.288147793604228,-3.23123305639635,4.31974414343682,1.90228023235346,2.71509225148007,8.31092590721615,-4.99892589245981,-4.63951806304634,2.82592651229615,-0.714138198754709,-5.70499640438263,0.373917422543121,5.21843104944544,2.26947169747566,0.709895932693655,4.02068242450454,2.11209762306847,-0.745701993453832,1.97727133011282,5.30727056162268,2.90158269327685,-3.50539626929042,4.79514526800263,2.28130836133506,0.32217617890356,4.58625941263686,5.66141049119211,2.48159990471708
GSM4277693,4.66144595707308,0.708064703741103,3.22203283162473,-2.66834751487312,6.47017175942359,3.17197776881197,3.92571186903335,4.90354586197547,0.707275550226061,3.62553085985569,4.98883495002277,-1.82927786444974,4.69077402590701,-4.82503728775409,4.87603557983357,4.49770249416728,4.79467323377693,3.26874020876333,-2.05026558695622,1.40473964462694,-2.60500070222269,-3.48299202463545,4.53596304352627,3.68641716006935,0.0287071499311642,3.72065191702116,5.78924048204505,0.354743075800481,2.78061575639812,2.15688162189734,-4.84239002640168,4.46928233222763,1.22484816098001,-2.8629907761065,3.64386206022409,2.32755182587531,3.27525240130127,7.87067421049568,-5.14239929106951,-4.83831421914668,2.65466283993096,0.237039431325694,-6.09675942212594,1.51339859957744,5.22635580939765,1.8791172346137,0.921827727552931,4.36374410008333,1.88751545428847,-1.39701900975391,2.71294870153857,5.49155313173982,2.91819678574255,-3.29423102721914,4.17533487957193,1.90460258628754,0.234733240016519,5.07028671305866,5.50150138987541,3.00324655562245
GSM4277694,4.62604019394965,-0.464656926201494,3.25264895000687,-3.08860623865674,6.53667723837825,3.70515257346538,3.61152444447261,5.07554221386331,3.64599492752321,3.0258128862333,4.07351408810746,-2.88880876477733,4.7767283347026,-4.42044904404299,4.87443562165489,3.91112787234493,4.51119201250888,3.99789637511383,-1.70687147704114,2.08249153043902,-2.24726683284366,-3.58973399315574,4.60691019690548,3.57645278544793,1.52889673465426,4.28747472564213,7.81263633880335,0.508381170564244,3.75648771606966,2.5337161761989,-4.17304526712768,5.22551457580198,3.50943334623257,-1.77801794872704,5.21901563298322,2.12636257345549,3.98650772566518,7.47863839333026,-3.83761786101582,-4.00417394949851,3.67403872615039,0.456059556694127,-5.53575256758217,0.52932606432053,4.93050673242038,1.58291866148021,0.845442678874448,4.20291240601868,2.94409653105331,-1.09626896834345,2.3928548361026,5.21978174739801,3.05895100682775,-2.45191555564736,5.26778199057299,2.41289315022677,0.392305244507872,4.99843288215797,5.70832438883904,3.5947283737644
GSM4277695,4.45928542189735,-0.213035609818901,3.08193866173528,-2.68434434839978,6.41563369315895,3.51855367202498,4.03194184259994,5.00966648594842,1.56113857836603,3.89427363272391,4.63999486117402,-1.93952343537036,5.3227599585386,-5.16175217123047,4.81591648243171,4.30174261165333,4.45462973474154,3.63406472608943,-2.01291622239317,1.15995587137835,-2.47988454083556,-4.05229261846346,4.59690412148626,3.99411466384372,0.385688953951548,2.72488204482309,5.31945686695432,-0.196286014211854,2.63110604514062,2.19421456991572,-4.16735328770565,4.75046683288829,1.17042719544388,-2.44281906827501,4.49196701547237,2.19414756348557,2.87371252658502,8.4138245433284,-4.92751842892796,-4.27118181297102,3.00728560905603,0.67516001607721,-5.37757513636746,0.803688833052094,4.96793673303359,2.21466475498856,1.15349592368186,4.28131348483148,3.29558964665785,-1.80543806591605,2.92551228525033,5.26976455137979,3.06049797085894,-3.20968924486051,5.05049795686807,1.97125838960695,0.29011641847064,5.16547118638768,5.49284385830948,3.98775622220555
GSM4277696,4.9848746161525,0.0345121382810927,2.53582933648464,-3.27742204480391,6.67788498002362,3.63394938805989,4.01976569383958,4.80855775367168,0.250831133069376,4.02778765289432,4.69955405808338,-2.19117906965992,4.98139742970917,-4.80795710466265,4.80853352420951,4.19181708137072,4.69248932280696,3.31097678759275,-1.82554210076561,1.66364332865159,-2.29196750253289,-3.34549496388082,4.45730119731975,4.39211263336212,-0.0377914835283946,2.90310635326923,5.52284521840757,1.14675036532586,2.67856875749659,2.29778687980452,-4.01427465630027,4.46882437539614,1.18344914333163,-3.21423551364879,3.66791879829772,2.30902411187112,3.73140741108927,7.85939208003663,-4.5968964669543,-4.80472640699,3.23101624665872,0.177344913941687,-5.95663776281321,1.23808426519887,5.3429606127227,1.93739650100432,1.87757061148626,4.19011995866737,2.27717174048036,-1.65699622885954,2.60889707510627,5.54549347569481,3.694328228802,-4.41174142850104,3.79110459058929,1.95179065590872,0.312465106231867,4.93028702934099,5.54342106750385,2.74571619511923
GSM4277697,4.68256171739506,-0.119174989293906,3.44689223178786,-2.53557535529631,6.40299302294875,2.77081606169616,3.95466479165898,5.06816413715324,2.74067165121952,3.19839141153158,4.23064645465274,-2.53782282673706,4.98957042448802,-5.27021513555244,4.86283341159988,3.92476703850726,4.79278592264073,3.6892025160455,-1.88678968125862,1.35336304632691,-2.35811140460617,-3.62090912550593,4.53619576090724,3.63422145845733,0.755384752512526,3.53064809371068,6.35741827389127,-0.416325154853369,2.82172235027249,2.16313167571169,-3.53550140594763,5.03501574817207,1.576995012959,-2.36342592887414,4.46297000478884,2.14138735506332,3.47422739377596,8.5526620180333,-3.55601167989508,-3.87512171937988,3.86819627959154,0.105339604420857,-5.51827311507282,0.654199731364971,5.22430673682432,2.57490237779259,0.992507284445804,3.97446204904343,2.65669893661709,-0.4256867621383,2.70679266212914,5.19729385748718,3.34281564242996,-2.85659509900922,5.0213606402165,2.1537532494165,0.320435530485072,5.07669930835035,5.66400180233888,3.37155105024237
GSM4277698,4.37616837367545,0.193919210890286,2.92615151882126,-2.53105012154471,6.42176227979295,2.73248034729339,3.97650416745651,4.76125218419174,1.26698610915315,4.24234777094946,4.74632001575676,-1.92611118333864,5.44958125748873,-4.49100261324547,4.83511818108801,4.21472714314817,4.33065402411716,3.53568271149175,-1.85797932939727,2.37898782988528,-2.28671799516233,-3.94967395139825,4.50103510336727,3.88414409353368,0.344441868040517,2.94947568509241,5.51714466543357,0.358938478778574,2.60384597136044,2.02187590191381,-3.56313128130943,4.48199128563889,1.25459743258384,-2.82683242462574,3.70922242250974,2.20010813271285,2.67204711877581,8.24815880055817,-3.37298007455932,-3.74975886157949,3.29761932424715,1.27052888564144,-4.62689332409491,0.774598512711313,5.08112426983201,1.59843057131211,1.49338424928028,4.21726879027702,2.36589274139222,-1.38631793254345,3.38895218885127,5.33806252981686,3.48344357789316,-2.89161493041231,4.34618034003525,2.02798370936684,0.321927582597628,5.08746304380893,5.48543612739059,3.26847578740503
GSM4277699,4.62663656239198,0.876095357621043,3.17304067849511,-2.16067919875555,6.67663566524183,2.90480130477738,3.97624887512454,4.85899455771505,2.06303740794376,4.06808307195704,5.00897444760724,-1.55733290123445,5.04966448359015,-5.23527243954778,4.81494179158465,4.2683338327459,4.60437100942012,3.48685543350105,-1.8802241259037,1.61964751119636,-2.26254926315487,-3.90757705935203,4.49988443524698,3.92051112258748,0.304449324229926,2.93368913425878,6.11323698832932,0.197669364301523,2.65556994431268,2.1309509307723,-3.6769144153234,4.68669018148606,1.31281786670066,-3.36037923805005,4.01815753818701,2.23229251675894,2.86157847205795,8.39449871386746,-3.47922051645828,-3.799297488644,3.78701070714826,1.46379238355778,-5.09177926365236,1.22836541525164,5.31845594170313,1.95998345004935,1.51296828159271,4.20677105362513,2.70403055819601,-0.715122623781378,3.54966254640916,5.4211919697824,3.31851978231399,-3.46151517374935,4.61661964589301,2.0010814111676,0.336752513711424,4.57874837892663,5.51245213002215,3.3360734237325
GSM4277700,4.70450401803716,-0.670793873285492,3.18254647109467,-2.86405211957569,6.45528707888283,2.18304247232025,3.98191395046509,5.02176427859219,1.26766673813575,3.76629824643256,4.41255104905023,-2.24528808299944,4.91814705490127,-5.91800831364326,4.78668183389267,4.19496747684517,4.42844251600952,3.63256086179232,-2.02552978750079,1.01705458911488,-2.61919617068691,-4.10548477293597,4.52059274167701,3.6664782140496,0.344545181181029,3.22428538449716,6.0914881551955,0.38059125879248,2.65775483223409,2.26290472791761,-4.0927428687416,4.52218662922817,0.441270359969533,-2.75036313964915,4.56037489312047,2.12380845146478,2.76576786925169,8.32873975801206,-4.14121929849783,-4.59025674520155,3.24395254200026,0.705355532771775,-5.25100567649406,0.665810757735111,4.99319772193424,1.83195113032275,1.30305995095824,4.12913552499656,1.7038862060607,-1.89123564406908,2.6993802825341,5.3518559343659,3.44970037229353,-2.54119770631238,4.54550723777598,2.03243414981087,0.31089795538963,4.81480942862017,5.59957074851496,3.64129646369845
GSM4277701,4.93774357096261,0.176005706217889,3.30747872734019,-2.50301144028301,6.60187975382578,3.26770152205448,3.90189275684213,4.9168429071378,2.8058918884629,4.43896010442862,4.57434658934569,-1.98100792185927,4.96030391744128,-4.57056593898585,4.86193022923563,4.34740377692046,4.10150939435022,3.83352184607251,-1.65534508347071,2.49576794865019,-2.25605575147025,-3.42556324910008,4.59619700172104,4.10337134671081,0.891010253804096,4.11804723271956,7.2139952017033,1.0382533271485,3.24376739551811,2.48259681508503,-4.24481623108617,5.08998559048323,2.24315089069341,-2.44830380436858,4.86327152568946,2.28365286757852,3.48950587132775,7.83218649057828,-3.92537251045361,-3.64966551722736,3.49941747987202,0.885251936067859,-5.14317673339036,0.695954868134555,5.5904601966384,1.62926129848265,1.07752308869701,4.07788354263923,1.23132001037747,-1.45372355884996,2.70953414734644,5.40480085503611,3.59867056928815,-2.78770408309015,4.58399545487914,2.2710297464318,0.42723931765265,4.44528735936996,5.60327591948674,3.58157371972553
GSM4277702,4.36185899940251,-0.0297326759436167,2.86776945184958,-3.3653297076474,6.61128741861892,3.17263061306739,3.90841727116793,5.07104278330556,1.22237913192766,3.69085845820702,4.58035895913925,-2.47413058757574,4.94806706619508,-5.56789354680294,4.81215598765236,4.30374015848168,4.44194916581335,3.68933922322071,-2.03022618800379,1.81858006154954,-2.59204182906798,-3.84990373206822,4.57154748167653,3.90138179934336,0.800406563215955,3.4977659591438,6.03057551673471,-0.0622447014818057,3.05255660065695,2.30238705298168,-4.33250344507565,4.79547232581625,1.64065555968848,-2.99289020509029,4.79585502470739,2.12453205407552,3.48402925159155,7.53655223930931,-4.44913629698667,-4.81525762261135,3.70692127328266,0.437698181371394,-5.43129453899477,0.774020746024418,4.9604584396086,1.62316809094053,1.10543221659791,4.12323876861639,2.03950544778347,-1.96753524779907,2.28578754805291,5.26712665716364,3.13149077381168,-3.24707021620658,5.00571294109988,2.11177733966234,0.304660807047415,4.88885321762919,5.56779748497466,2.99803158366197
GSM4277703,4.62776592438078,-0.413320317008829,3.27686039858921,-3.06214961283608,6.45732319683408,3.091297187865,3.89865076844294,4.98485521177195,2.95017805019353,4.14539933157775,4.61248768027759,-2.44098695220152,4.96241956680818,-5.05217963566708,4.80109921281885,4.20406848340278,4.47028595124102,3.72126903026538,-1.95978564611224,1.62428014494986,-2.46730469189123,-4.05928549278681,4.44562705948786,3.95662544125652,0.698667764859898,3.62794255238673,5.97830879646497,0.277967343489843,2.69499624977935,2.00973027127494,-4.29945862888263,4.80856092592942,1.44993925526386,-3.2137432703581,4.39184767555992,2.1445331940942,3.17777586013833,8.10593998866677,-4.21740976317597,-4.60219613744128,3.17044878504445,0.550090466770121,-5.40550408923502,1.06073809321328,5.17886335371284,2.04356967268671,1.30774191850125,4.39953311600593,2.1484717466073,-1.54793652427098,3.02830426182568,5.46644184021295,3.42094364437168,-3.08120547144342,4.91548962075897,2.16987183613858,0.340407864957611,4.91606550458451,5.59394775557658,2.85415920913271
GSM4277704,4.73490253961271,0.609836873909023,2.56328061506075,-3.04938277372261,6.57209212209964,2.41592229326473,3.99780024213543,4.51329328543215,-2.17676693310925,3.90614736001754,5.07072742796013,-1.63737778154212,4.69627257831627,-5.49462287018651,4.8296278929806,4.50665159498806,4.19400495915777,2.86337869723479,-1.95065133674585,1.99818446191489,-2.43468398902846,-3.71885261918471,4.31371575688603,4.23250799372137,-0.565533763169294,2.09069649274562,4.88058283972493,0.0151769361062666,2.48151187620971,1.7901136098528,-4.69207398605758,3.60708308479373,1.06815124347274,-3.64698351166473,3.05281612567965,2.16112449952707,2.98913217428051,7.95963371324847,-4.83451073079863,-5.20077184862647,2.99209554412319,-0.308759609727074,-6.4391727424532,1.82539801667994,5.64168589116256,1.84611942570387,1.37548355303094,3.89515486442174,0.748824828124299,-2.69659636564317,2.17419229691278,5.66088531731358,2.76939431468691,-5.46186808422987,4.00270636717732,1.68987276587766,0.209280106649528,4.85104407947383,5.48314292813578,2.85317997860063
GSM4277705,4.57942689317297,0.228468847688294,4.6474009137916,-1.6035448082571,6.5235392508552,3.06879465812863,3.9861998347556,4.88405228405875,1.38107301982535,3.74724180257656,4.65740894828334,-0.967364035818824,5.27064971480626,-5.45104351694295,4.87914075519953,4.25366059181447,4.14441231824053,3.65467172622863,-1.71532836434644,2.71569582605367,-2.27985966908198,-3.33097936374729,4.43461527386588,3.89142898460162,0.0597058093322866,3.25430539899454,6.83560107894947,-0.0879096467043627,2.6935801603339,1.95676413493902,-3.47893321527206,4.45384989127732,1.50981814399491,-2.59472281518742,4.66292664446442,2.21648589105734,3.07184679958771,8.25183397017146,-3.31672091810214,-3.72231148416766,3.55939128415352,0.926364576934235,-5.24371373838793,1.44923094807794,5.89447334764165,2.31255974535278,1.20908329947308,4.29350817449556,1.70550108859471,-1.44129306555595,2.90679694685305,5.55616196846198,3.58975119154355,-2.59048807086128,5.1430405561987,2.1241234315845,0.374515811490645,5.4334472569895,5.54544813757997,4.08720969338353
GSM4277706,4.04274734077816,-0.191716426767762,2.72173964267456,-2.95830082387494,6.51548723479527,2.22171749141591,3.88722680956472,4.88492242373208,-0.468744571625678,3.55261238246552,4.6388626320749,-2.0788607415143,5.01996606570481,-5.27205213981497,4.79185868035487,4.1153732899299,4.10960362108446,3.34506716329891,-2.08842331625016,1.20443852715666,-2.46068057761219,-4.13665329791689,4.45501408865,3.78974972074684,-0.53106355609723,2.2875880686938,5.22663137064414,-0.0696275898670944,2.6238899968362,1.99977457291899,-4.63115708299321,4.40152386030693,1.01177512651161,-3.20332503024771,3.66766414986266,2.19184900155092,2.87644325664348,8.09976407269864,-4.18189171926623,-4.19644815181184,3.14260053776326,0.6829304116738,-5.47958436532969,1.29582470535248,5.22848635975493,2.12541002032845,1.4003595346109,3.81474749709582,3.09191045361174,-1.73208378024637,2.67401419934959,5.42746494974233,3.05613324474624,-4.28128553405351,4.67041435207039,1.89396936231117,0.255923762365405,5.27122426704891,5.49704020805756,3.17146524315516
GSM4277707,4.68423206436878,-0.310571352457549,3.7090934491798,-2.24789096767388,6.37274158500184,2.91221099840163,3.78295214067869,5.00026744496243,3.10139192932688,3.54960916991182,4.54703798521124,-1.9503966098315,4.91608228478968,-5.50008044350254,4.82853234944077,3.72409929053958,4.1361511584083,3.73910753748891,-1.64169117748567,2.51081629293958,-2.26076073675914,-3.48583490097237,4.59337512452922,3.97795672731809,0.992525978345467,3.11097149703304,7.39181968203535,0.036805382838569,3.20403414209811,2.15457692543547,-3.11519941985923,4.78262369647925,3.13601764733079,-2.18383658133441,4.52244705459283,2.16136320901341,3.37906338209956,7.89356391602132,-3.90176910636146,-4.47107170376244,3.18410774812676,0.669608687510322,-5.42465379309779,0.889325593487618,5.30016532790472,1.85800835116783,1.03720421648372,4.076307028014,2.89339539643709,-2.16596864666226,2.69281296399142,5.3030744797854,3.26652054340716,-2.87340001198563,4.92987625436226,2.18043065964566,0.379150896394162,4.96808632141807,5.64356077998515,3.71401220668034
